"Seq","Class"
"MRGGQRRASRLRPPTYRRRPPPAASILEVAPVQTQTLTQTDTAAGGAEPDAERGVLLAMPAQPGAGAALPHPGAPVDVPEHPEPPPPTRTESGGPSSDLFRQYLREIGRIPLLSAAEEVDLARRVEAGLFAEEKLRCSPGLDDRLALDLDRLVVLGRLAKRRLIEANLRLVVSVAKRYVGRGLTMLDLVQEGNLGLIRAVEKFDYARGYKFSTYATWWIRQAMSRALADQARTIRVPVHVVELINRVVRVQRRMLQERGCEPTPQEVAAHLDLAPERVGEVLRLAQEPVSLHAPVGEEDDVALGDLIEDGDAASPVESAAFLLLRQHLEAVLSTLGERERKVVQLRYGLADGRPRTLEEIGRLFGVTRERIRQIESKTLSKLRDHAYADQLRGYLD","positive"
"MAPTARTPTARTRDDRRATTRTARLRTRIPEPDEEPDLLGQYLTQIGATPLLTAEDEVRLATRIEAGVRAREELETADTGEPAPTPRRRRTLEETVHDGQEAKDHMVRANLRLVVSMAKRHAHRGLPLLDVIQEGNLGLIRAVEKFDHTKGFKFSTYATWWIRQAIERGLATHARTVRLPVHVVEQLQKLAKVERKLRAGLDREPTTEEVAAESGIDVDKVVWLRRVGRDAVSLDTPVDETGDTVVGDLIPDTEVLRAPEVAEFQALAAELREAVGTLAPRESLILSLRYGLHDGRPRTLQQVAQHVGLTRERVRQLEKESLAHLRAPENRERLLDWAS","positive"
"MATRAVARRKSAAGETSGSATSVRANGGELADRDLVGMYLDEIARTPLLDAAKEVELSQTIEAGVFARQVLEGYEETGADATREELQALIDESERAKDVFIRSNLRLVVAVARRYPRSGLPLLDLIQEGNAGLVRAVEKFDYRKGFKFSTYATWWIRQAITRSIADQSRTIRLPVHLVEELGRIRRVQREFNREHGREPEPAEIAAELGSTPERVTDVLDWARDPVSLNMSVDDEGETQFGDLLEDTSAVSPEQSVLTLLRSEELDDLIGRLDPRTASIIKMRYGIDDGRERTLTEVGKEHGLTRERIRQIEKHALLELKKLARDTGFEAAA","positive"
"MATRAVARRQPAASGETGAAGSVRATGEIADRDLVGMYLDEIARTPLLDAAKEVELSQTIEAGVYAGKILDGEVDSDSAGASREELEALVAEGERAKDVFIRSNLRLVVAVARRYPRSGLPLLDLIQEGNAGLVRAVEKFDYAKGFKFSTYATWWIRQAITRSIADQSRTIRLPVHLVEELGRIRRVQREFNRENGRDPEPAEIAAELSSTPERVTDVLDWARDPVSLNMSVDDEGETQFGDLLEDTSAVSPEQSVLTLLRSEELDDLIGQLDDRTASIIKMRYGIEDGRERTLTEVGKQHGLTRERIRQIEKHALLELKRMAHDTGFDAAA","positive"
"MATRAVARRQSATGETADSASSVRAHGGEIADRDLVGMYLDEIARTPLLDAAKEVELSQTIEAGVFAQQVLDGEEESRTDATREELQALVDAGERAKDVFIRSNLRLVVAVARRYPRSGLPLLDLIQEGNAGLVRAVEKFDYRKGFKFSTYATWWIRQAITRSIADQSRTIRLPVHLVEELGRIRRVQREFNREHGRDPEPAEVAAELGSTPERVIDVLDWARDPVSLNMAVDDAGETQFGDLLEDTSAVSPEQSVLTLLRSEELDDLIGRLDQRTASIIKMRYGIDDGRERTLTEVGKEHGLTRERIRQIEKHALLELKKLARDTGFDAAA","positive"
"MERIKELRDLMSQSRTREILTKTTVDHMAIIKKYTSGRQEKNPALRMKWMMAMKYPITADKRIMEMIPERNEQGQTLWSKTNDAGSDRVMVSPLAVTWWNRNGPTTSTVHYPKVYKTYFEKVERLKHGTFGPVHFRNQVKIRRRVDMNPGHADLSAKEAQDVIMEVVFPNEVGARILTSESQLTITKEKREELKNCNIAPLMVAYMLERELVRKTRFLPVAGGTSSVYIEVLHLTQGTCWEQMYTPGGEVRNDDVDQSLIIAARNIVRRATVSADPLASLLEMCHSTQIGGVRMVDILKQNPTEEQAVDICKAAMGLKISSSFSFGGFTFKRTKGFSVKREEEVLTGNLQTLKIKVHEGYEEFTMVGRRATAILRKATRRMIQLIVSGRDEQSIAEAIIVAMVFSQEDCMIKAVRGDLNFVNRANQRLNPMHQLLRHFQKDAKVLFQNWGIEPIDNVMGMIGILPDMTPSTEMSLRGVRVSKMGVDEYSSTERVVVSIDRFLRVRDQRGNVLLSPEEVSETQGMEKLTITYSSSMMWEINGPESVLVNTYQWIIRNWETVKIQWSQEPTMLYNKMEFEPFQSLVPKAARSQYSGFVRTLFQQMRDVLGTFDTVQIIKLLPFAAAPPEQSRMQFSSLTVNVRGSGMRILVRGNSPAFNYNKTTKRLTILGKDA","positive"
"MERIKELRDLMSQSRTREILTKTTVDHMAIIKKYTSGRQEKNPALRMKWMMAMKYPITADKRIMEMIPERNEQGQTLWSKTNDAGSDRVMVSPLAVTWWNRNGPTTSTVHYPKVYKTYFEKVERLKHGTFGPVHFRNQVKIRRRVDMNPGHADLSAKEAQDVIMEVVFPNEVGARILTSESQLTITKEKREELKNCNISPLMVAYMLERELVRKTRFLPVAGGTSSVYIEVLHLTQGTCWEQMYTPGGEVRNDDVDQSLIIAARNIVRRATVSADPLASLLEMCHSTQIGGVRMVDILKQNPTEEQAVDICKAAMGLRISSSFSFGGFTFKRTKGFSVKREEEVLTGNLQTLKIKVHEGYEEFTMVGRRATAILRKATRRMIQLIVSGRDEQSIAEAIIVAMVFSQEDCMIKAVRGDLNFVNRANQRLNPMHQLLRHFQKDAKVLFQNWGIEPIDNVMGMIGILPDMTPSTEMSLRGVRVSKMGVDEYSSTERVVVSIDRFLRVRDQQGNVLLSPEEVSETQGMEKLTITYSSSMMWEINGPESVLVNTYQWIIRNWETVKIQWSQEPTMLYNKMEFEPFQSLVPKAARSQYSGFVRTLFQQMRDVLGTFDTVQIIKLLPFAAAPPEQSRMQFSSLTVNVRGSGMRILVRGNSPAFNYNKTTKRLTILGKDAGALTEDPDEGTAGVESAVLRGFLILGKEDKRYGPALSINELSNLTKGEKANVLIRQGDVVLVMKRKRDSSILTDSQTATKRIRMAIN","positive"
"MTLAKIELLKQLLRDNEAKTVLKQTTVDQYNIIRKFNTSRIERNPSLRMKWAMCSNFPLALTKGDMANRIPLEYKGIQLKTNAEDIGTKGQMCSIAAVTWWNTYGPIGDTEGFEKVYESFFLRKMRLDNATWGRITFGPVERVRKRVLLNPLTKEMPPDEASNVIMEILFPKEAGIPRESTWIHRELIKEKREKLKGTMITPIVLAYMLERELVARRRFLPVAGATSAEFIEMLHCLQGENWRQIYHPGGNKLTESRSQSMIVACRKIIRRSIVASNPLELAVEIANKTVIDTEPLKSCLAAIDGGDVACDIIRAALGLKIRQRQRFGRLELKRISGRGFKNDEEILIGNGTIQKIGIWDGEEEFHVRCGECRGILKKSKMRMEKLLINSAKKEDMKDLIILCMVFSQDTRMFQGVRGEINFLNRAGQLLSPMYQLQRYFLNRSNDLFDQWGYEEPPKASELHGINELMNASDYTLKGVVVTKNVIDDFSSTETEKVSITKNLSLIKRTGEVIMGANDVSELESQAQLMITYDTPKMWEMGTTKELVQNTYQWVLKNLVTLKAQFLLGKEDMFQWDAFEAFESIIPQKMAGQYSGFARAVLKQMRDQEVMKTDQFIKLLPFCFSPPKLRRNGEPYQFLRLMLKGGGENFIEVRKGSPLFSYNPQTEVLTICGRMMSLKGKIEDEERNRSMGNAVLAGFLVSGKYDPDLGDFKTIEELEKLKPGEKANILLYQGKPVKVVKRKRYSALSNDISQGIKRQRMTVESMGWALS","positive"
"MTLAKIELLKQLLRDNEAKTVLKQTTVDQYNIIRKFNTSRIERNPSLRMKWAMCSNFPLALTKGDMANRIPLEYKGIRLKTNAEDIGTKGQMCSIAAVTWWNTYGPIGDTEGFEKVYESFFLRKMRLDNATWGRITFGPVERVRKRVLLNPLTKEMPPDEASNVIMEILFPKEAGIPRESTWMHRELIKEKREKLKGTMITPIVLAYMLERELVARRRFLPVAGATSAEFIEMLHCLQGENWRQIYHPGGNKLTESRSQSMIVACRKIVRRSIVASNPLELAVEIANKTVIDTEPLKSCLAAIDGGDVACDIIRAALGLKIRQRQRFGRLELKRISGRGFKNDEEILIGNGTIQKIGIWDGEEEFHVRCGECRGILKKSKMRMEKLLINSAKKEDMKDLIILCMVFSQDTRMFQGVRGEINFLNRAGQLLSPMYQLQRYFLNRSNDLFDQWGYEEPPKASELHGINELMNASDYTLKGVVVTKNVIDDFSSTETEKVSITKNLSLIKRTGEVIMGANDVSELESQAQLMITYDTPKMWEMGTTKELVQNTYQWVLKNLVTLKAQFLLGKEDMFQWDAFEAFESIIPQKMAGQYSGFARAVLKQMRDQEVMKTDQFIKLLPFCFSPPKLRSNGEPYQFLRLMLKGGGENFIEVRKGSPLFSYNPQTEVLTICGRMMSLKGKIEDEERNRSMGNAVLAGFLVSGKYDPDLGDFKTIEELEKLKPGEKANILLYQGKPVKVVKRKRYSALSNDISQGIKRQRMTVESMGWALS","positive"
"MTLAKIELLKQLLRDNEAKTVLRQTTVDQYNIIRKFNTSRIEKNPSLRMKWAMCSNFPLALTKGDMANRIPLEYKGIQLKTNAEDIGTKGQMCSIAAVTWWNTYGPIGDTEGFEKVYESFFLRKMRLDNATWGRITFGPVERVRKRVLLNPLTKEMPPDEASNVIMEILFPKEAGIPRESTWIHRELIKEKREKLKGTMITPIVLAYMLERELVARRRFLPVAGATSAEFIEMLHCLQGENWRQIYHPGGNKLTESRSQSMIVACRKIIRRSIVASNPLELAVEIANKTVIDTEPLKSCLAALDGGDVACDIIRAALGLKIRQRQRFGRLELKRISGRGFKNDEEILIGNGTIQKIGIWDGEEEFHVRCGECRGILKKSQMRMEKLLINSAKKEDMKDLIILCMVFSQDTRMFQGVRGEINFLNRAGQLLSPMYQLQRYFLNRSNDLFDQWGYEESPKASELHGINELMNASDYTLKGVVVTKNVIDDFSSTETEKVSITKNLSLIKRTGEVIMGANDVSELESQAQLMITYDTPKMWEMGTTKELVQNTYQWVLKNLVTLKAQFLLGKEDMFQWDAFEAFESIIPQKMAGQYSGFARAVLKQMRDQEVMKTDQFIKLLPFCFSPPKLRSNGEPYQFLRLMLKGGGENFIEVRKGSPLFSYNPQTEILTICGRMMSLKGKIEDEERNRSMGNAVLAGFLVSGKYDPDLGDFKTIEELERLKPGEKANILLYQGKPVKVVKRKRYSALSNDISQGIKRQRMTVESMGWALS","positive"
"MTLAKIELLKQLLRDNEAKTVLKQTTVDQYNIIRKFNTSRIEKNPSLRMKWAMCSNFPLALTKGDMANRIPLEYKGIQLKTNAEDIGTKGQMCSIAAVTWWNTYGPIGDTEGFEKVYESFFLRKMRLDNATWGRITFGPVERVRKRVLLNPLTKEMPPDEASNVIMEILFPKEAGIPRESTWIHRELIKEKREKLKGTMITPIVLAYMLERELVARRRFLPVAGATSAEFIEMLHCLQGENWRQIYHPGGNKLTESRSQSMIVACRKIIRRSIVASNPLELAVEIANKTVIDTEPLKSCLTAIDGGDVACDIIRAALGLKIRQRQRFGRLELKRISGRGFKNDEEILIGNGTIQKIGIWDGEEEFHVRCGECRGILKKSKMRMEKLLINSAKKEDMKDLIILCMVFSQDTRMFQGVRGEINFLNRAGQLLSPMYQLQRYFLNRSNDLFDQWGYEESPKASELHGINELMNASDYTLKGVVVTKNVIDDFSSTETEKVSITKNLSLIKRTGEVIMGANDVSELESQAQLMITYDTPKMWEMGTTKELVQNTYQWVLKNLVTLKAQFLLGKEDMFQWDAFEAFESIIPQKMAGQYSGFARAVLKQMRDQEVMKTDQFIKLLPFCFSPPKLRSNGEPYQFLRLVLKGGGENFIEVRKGSPLFSYNPQTEVLTICGRMMSLKGKIEDEERNRSMGNAVLAGFLVSGKYDPDLGDFKTIEELEKLKPGEKANILLYQGKPVKVVKRKRYSALSNDISQGIKRQRMTVESMGWALS","positive"
"MSFLLTIAKEYKRLCQDAKAAQMMTVGTVSNYTTFKKWTTSRKEKNPSLRMRWAMSSKFPIIANKRMLEEAQIPKEHNNVALWEDTEDVSKRDHVLASASCINYWNFCGPCVNNSEVIKEVYKSRFGRLERRKEIMWKELRFTLVDRQRRRVDTQPVEQRLRTGEIKDLQMWTLFEDEAPLASKFILDNYGLVKEMRSKFANKPLNKEVVAHMLEKQFNPESRFLPVFGAIRPERMELIHALGGETWIQEANTAGISNVDQRKNDMRAVCRKVCLAANASIMNAKSKLVEYIKSTSMRIGETERKLEELILETDDVSPEVTLCKSALGGPLGKTLSFGPMLLKKISGSGVKVKDTVYIQGVRAVQFEYWSEQEEFYGEYKSATALFSRKERSLEWITIGGGINEDRKRLLAMCMIFCRDGDYFKDAPATITMADLSTKLGREIPYQYVMMNWIQKSEDNLEALLYSRGIVETNPGKMGSSMGIDGSKRAIKSLRAVTIQSGKIDMPESKEKIHLELSDNLEAFDSSGRIVATILDLPSDKKVTFQDVSFQHPDLAVLRDEKTAITKGYEALIKRLGTGDNDIPSLIAKKDYLSLYNLPEVKLMAPLIRPNRKGVYSRVARKLVSTQVTTGHYSLHELIKVLPFTYFAPKQGMFEGRLFFSNDSFVEPGVNNNVFSWSKADSSKIYCHGIAIRVPLVVGDEHMDTSLALLEGFSVCENDPRAPMVTRQDLIDVGFGQKVRLFVGQGSVRTFKRTASQRAASSDVNKNVKKIKMSN","positive"
"MSLLLTIAKEYKRLCQDAKAAQMMTVGTVSNYTTFKKWTTSRKEKNPSLRMRWAMSSKFPIIANKRMLEEAQIPKEHNNVALWEDTEDVSKRDHVLASASCINYWNFCGPCVNNSEVIKEVYKSRFGRLERRKEIMWKELRFTLVDRQRRRVDTQPVEQRLRTGEIKDLQMWTLFEDEAPLASKFILDNYGLVKEMRSKFANKPLNKEVVAHMLEKQFNPESRFLPVFGAIRPERMELIHALGGETWIQEANTAGISNVDQRKNDMRAVCRKVCLAANASIMNAKSKLVEYIKSTSMRIGETERKLEELIPETDDVSPEVTLCKSALGGPLGKTLSFGPMLLKKISGSGVKVKDTVYIQGVRAVQFEYWSEQEEFYGEYKSATALFSRKERSLEWITIGGGINEDRKRLLAMCMIFCRDGDYFKDAPATITMADLTTKLGREIPYQYVMMNWIQKSEDNLEALLYSRGIVETNPGKMGSSMGIDGSKRAIKSLRAVTIQSGKIDMPESKEKIHLELSDNLEAFDSSGRIVATILDLPSDKKVTFQDVSFQHPDLAVLRDEKTAITKGYEALIKRLGTGDNDIPSLIAKKDYLSLYNLPEVKLMAPLIRPNRKGVYSRVARKLVSTQVTTGHYSLHELIKVLPFTYFAPKQGMFEGRFFFSNDSFVEPGVNNNVLSWSKADSSKIYCHGIAIRVPLVVGDEHMDTSLALLEGFSVCENDPRAPMVTGQDLIDVGFGQKVRLFVGQGSVRTFKRTASQRAASSDVNKNVKKIKMSN","positive"
"MSLSKYFNPIPDASVTFDGATVQLEESLGAVQNDEESASEFKNVGHLEISDITFRANEGEVVLVLGNPTSALFKGLFHGHKHLKYSPEGSIRFKDNEYKQFASKCPHQIIYNNEQDIHFPYLTVEQTIDFALSCKFHIPKQERIEMRDELLKEFGLSHVKKTYVGNDYVRGVSGGERKRISIIETFIANGSVYLWDNSTKGLDSATALEFLSITQKMAKATRSVNFVKISQASDKIVSKFDKILMLGDSFQVFYGTMEECLTHFHDTLQIKKNPNDCIIEYLTSILNFKFKETSNSIVGLDTPSVVSEENQALNINNETDLHTLWIQSPYYKHWKAITSKTVQECTRKDVNPDDISPIFSIPLKTQLKTCTVRAFERIIGDRNYLISQFVSVVVQSLVIGSLFYNIPLTTIGSFSRGSLTFFSILFFTFLSLADMPASFQRQPVVRKHVQLHFYYNWVETLATNFFDCCSKFILVVIFTIILYFLAHLQYNAARFFIFLLFLSVYNFCMVSLFALTALIAPTLSMANLLAGILLLAIAMYASYVIYMKDMHPWFIWIAYLNPAMFAMEAILSNELFNLKLDCHESIIPRGEYYDNISFSHKACAWQGATLGNDYVRGRDYLKSGLKYTYHHVWRNFGIIIGFLCFFLFCSLLAAEYITPLFTRENLLRWNNYLKRYCPFLNSQKKNNKSAITNNDGVCTPKTPIANFSTSSSSVPSVSHQYDTDYNIKHPDETVNNHTKESVAMETQKHVISWKNINYTIGDKKLINDASGYISSGLTALMGESGAGKTTLLNVLSQRTESGVVTGELLIDGQPLTNIDAFRRSIGFVQQQDVHLELLTVRESLEISCVLRGDGDRDYLGVVSNLLRLPSEKLVADLSPTQRKLLSIGVELVTKPSLLLFLDEPTSGLDAEAALTIVQFLKKLSMQGQAILCTIHQPSKSVISYFDNIYLLKRGGECVYFGSLPNACDYFVAHDRRLTFDREMDNPADFVIDVVGSGSTNIPMDDAEKPTSSKIDEPVSYHKQSDSINWAELWQSSPEKVRVADDLLLLEEEARKSGVDFTTSVWSPPSYMEQIKLITKRQYICTKRDMTYVFAKYALNAGAGLFIGFSFWRTKHNINGLQDAIFLCFMMLCVSSPLINQVQDKALQSKEVYIAREARSNTYHWTVLLIAQTIVELPLAISSSTLFFLCCYFCCGFETSARVAGVFYLNYILFSMYYLSFGLWLLYSAPDLQTAAVFVAFLYSFTASFCGVMQPYSLFPRFWTFMYRVSPYTYFIETFVSLLLHDREVNCSTSEMVPSQPVMGQTCGQFMKPFIDEFGGKLHINNTYTVCAYCMYTVGDDFLAQENMSYHHRWRNFGFEWVFVCFNIAAMFVGFYLTYIKKIWPSVIDGIKKCIPSMRRSKTSHNPNEQSV","positive"
"MATKVKENEEAENERDGATDGPLLDLSDDAVKKMIKAAKKRGYVTMDELNSVLPSEEVTSEQIEDTMAMLSDMGINVIEDEDAEEAAPAEDDGDSDNEESEGGELAPSGGTALATAKKKEPTDRTDDPVRMYLREMGSVELLSREGEIAIAKRIEAGRETMISGLCESPLTFQALIIWRDELNEGTTLLREIIDLETTYSGPEAKAAPQFQSPEKIEADRKAAEEKEKTRRLRAPTGDEDVTDVGGDGLPPEEEEEDDDESNLSLAAMEAELRPQVMETLDTIADTYKKLRKLQDQQVEARLACTGTLSSGQERRYKELKDQLITAVKSLSLNQNRIDSLVEQLYDISKRLMQNEGRLLRLAESYGVKRDSFLEQYHGAELDPNWMKSITNLAARGWKEFAREESNTIREIRQEIQNLSTETGISIAEFRRIVSMVQKGEREARIAKKEMVEANLRLVISIAKKYTNRGLQFLDLIQEGNIGLMKAVDKFEYRRGYKFSTYATWWIRQAITRSIADQARTIRIPVHMIETINKIVRTSRQMLHEIGREPTPEELAEKLAMPLEKVRKVLKIAKEPISLETPVGDEEDSHLGDFIEDKNALLPIDAAIQANLRETTTRVLASLTPREERVLRMRFGIGMNTDHTLEEVGQQFSVTRERIRQIEAKALRKLKHPSRSRKLRSFLDS","positive"
"MAFAAGGIDHHVAVDVEGEEESRRRAVAEEADLLWAAFERLPSAKRRSHAVVLPDPDGLGGGDGGGRGEGQLVDVRKLDRPGLQRVLRHALATSELDNANLLHGIKARFDAVGLEVPRVEVRFQNLTVSTDVHVGRRALPTLVNYVHDIAERILISSHLLRPDKHKLVILDDVSGVIKPGRMTLLLGPPASGKSTLLLALADKLDSQLKKSGEVAYNGMALDQFCVQRTSAYISQTDNHIGELTVRETLDFAAKCQGASENWQECLKELVNLEKERGIRPSPEIDAFMKTASFRREKHNLVSDYVLRVLGLDICADTPVGSDMERGVSGGQKKRVTTGEMIIGPRKTLLMDEISTGLDSSTTFQIVNCMRNFVHEMEATVLMSLLQPAPETFELFDDLILLSEGKIIYQGPIKHVVDYFKSLGFSLPPRKGIADFLQEVTSKKDQAQYWSDQSKQHIFVSASEMAAVFKESQYGTYLEANLSSSCGNKDSALVLPRSKFAVPKFSLVRACFARELILISRNRFLYTFRTCQVAFVGIITSTLFLRTRLHPVDEQNGNLYLACLFFGLVHMMFNGFTEMTMTISRLPVFYKQRDNFFHPAWAFSLPNWILRIPYSFIEAVVWSCVVYYTVGFAPTVDRFFRFMLLLFSIHQMALGLFRMMGAIARDMTIASTFGSAVLLAIFLLGGFVVPKGFIKPWWDWAYWISPLMYAQRAVSVNEFSASRWSKVSVSGNMTVGTNILISHSLPTDDHWFWIGVGVLLAYSIFFNIMFTLALAFLNPLRKPQSMVPSDAGDGRDVHINTDSNKNTIGEIFENNDGFEGQTECKSKKGMILPFQPLTMTFHNVNYYVNMPKEMQAKGVPEKRLQLLSEVSGIFRPRVLTALVGASGSGKTTLMDVLAGRKTGGYIEGDIRISGHKKEQRTFARIAGYVEQNDIHSPQVTVEESLWFSSTLRLPNDISRETRHAFVEEVMALVELDQIRYALVGKQGLTGLSTEQRKRLTIAVELVANPSIIFMDEPTSGLDARAAAIVMRTVRNTVDTGRTVVCTIHQPSIDIFEAFDELLLMKRGGRVIYGGSLGVNSVDMINYFQGIPRVVPITEGYNPATWMLEVTTQASEERLGIDFATVYKNSYQFRNVENLIVELSIPASGTEPLKFSSEFSQNRLTQFMVCLRKQSLVYWRSPEYNVVRLFFTSVAAIIFGSIFWNVGMKRESTEDILLLMGALYAACLFLGVNNASSVQPVVSVERTVYYRERAANMYSSFPYAAAQVYHGLVEIPYIAVQTLIFGLITYFMVNYERNIRKLVLYLIYMFLTFTYFTFYGMVAVGLTPTQHMASVVSSAFYSLWNLLSGFLIPQSRIPGWWIWFYYICPVAWTLRGVITSQLGDVDTRIVGPGFDGTVHEFLQQNLGFEQGMTGATVAVLVAFSVFFFSIYAISIKMINFQRS","positive"
"MSDLEKKYSKLIEGIITHLGDRKSLSFSELSNLLPDDILEPEILDCICSVLEDRGIRLVNKISELDLVVSEDGNDEEEEVEIESDRNFMILDDGFQSDEEDIDIDVKLDDCDEEDISVKDDLGSGYIKGNVLKDSHSEDPIKLYLKEIGKEFLLTGNQEVELAKQMDSGESIIENILKNEGLVIENYYNLVNTIYSRMEREEFFKREKDKDKESSPDYYNKKKRIASFYKIPLKPIQDRLISYVDNKHRVYDLGGDIFEKNLKKERLALKELLRDIPLYQEELRIFSDDYIDSANKIKDLQRQQRIILSRLKIEKIRDLRVLGRDLTIAEKKIEIEKSLKLKEDAIKEQITEAQLAQKELERIEMYYEYPTDKIISMSEEIAKGKQMMQHAKDQLIKANLRLVVSIAKKYANRGLHFFDLVQEGNIGLIKAVEKFEYKRGFKFSTYATWWIRQAITRSISDQARTIRVPVHMIEQINRLNRETRYLIQVLGKDPTDEELSDRLGWELKKVKTVKSVSREPVSLETPIGEEEDSVLSDFIEDKAIKNPANHTSFVVLQDQIRAILGTLPEREQEVVKMRFGLEDGYSLTLEEVGLHFNVTRERIRQIESKALRRLKNPKKTQKLKDYLEDLN","positive"
"MDQNPQSQLKLLVTHGKEQGYLTYSEVNDHLPEDIIDSEQIDDIIQMINDMGIPVVEEAPDADDLILNEINTDTDEDAVEAATQVLSSVESELGRTTDPVRMYMREMGTVELLTREGEIDIAKRIEEGINQVQCSVSEYPEAITYLLEQYDRVKTGQIRLSDIITGFVDPNAEEIFPPTAIHIGSELLDEQQNNEEDEENNQEDHEDDHSIDPELANEKFSELRIQYNNTNNTIKNKNRTHKDSLLEIYNLSEVFKQFRLVPKQFDHLVNNMRHMMERVRKQERIIIKLCVEICKMPKKNFIKIFPIKKINYLWFIREQNTNQPWSENLKKVKEDVFISVKKLIKIEEETGLTIEQVKDINKRMSIGEAKARRAKKEMVEANLRLVISIAKKYTNRGLQFLDLIQEGNIGLMKAVDKFEYRRGYKFSTYATWWIRQAITRSIADQARTIRIPVHMIETINKLNRISRQMLQEIGREPTPEELSEKMLIPEDKIRKVLKIAKEPISMETPIGDDDDSHLGDFIEDTTLELPLDSATSESLRSATHDVLSGLTAREAKVLRMRFGIDMNTDHTLEEVGKQFDVTRERIRQIEAKALRKLRHPSRSEVLRSFLDD","positive"
"MEHNPKSQLKLLVTHGKEQGYLTYAEVNDHLPEEIIDSEQIDDIIQMINDMGIQVVEEAPDADDLILNEINTDTDEDAVEAATQVLSSVESELGRTTDPVRMYMREMGTVELLTREGEIDIAKRIEEGINQVQSSVSEYPEAITYLLEQYDRIKTGQIRLSDIITGFVDPNAEEIFSHSTSAIHIGSEILDNITNDSNENEDENEDENEDEDENSIDPELANEKFRELRKQYTNTSNTIKNKNRNHQDSLLEIYNLSEIFKQFRLVPKQFDHLVNNMRNMMNRVRKQERKIMKLCIEECKIPKKIFLKIFSGKETDQNWFKKEQSSNQSWSKKLEEIKEKVFSSMKKLKQIEKETGLTIEQVKDINKRMSIGEAKAKRAKKEMVEANLRLVISIAKKYTNRGLQFLDLIQEGNIGLMKAVDKFEYRRGYKFSTYATWWIRQAITRSIADQARTIRIPVHMIETINKLNRISRQMLQEIGREPTPEELSEKMLIPEDKIRKVLKIAKEPISMETPIGDDDDSHLGDFIEDTTLELPLDSATSESLRSATHDVLSGLTAREAKVLRMRFGIDMNTDHTLEEVGKQFDVTRERIRQIEAKALRKLRHPSRSEVLRSFLDD","positive"
"MEQNPQSQLKLLVTYGKEQGYLTYSEINDHLSDNIINSDQIEDIIQMINDMGIQVVEKAPDSDDLILHEIKRNNETDEDIVEATAQVLSTVESELGRTTDPVRMYMREMGTVELLTREGEIDIAKRIEDGINQVQCSVAEYPEAITHLLEQYNRVELGELRLSELIHGFVDPNAEAVHTSITNHINTNSEEHHHNDNTEENNDDDHLVDPELAREKFIALKNQYHITNYAIKTKNRNHQDTLIEINNLSEIFKQFRLVPKQFDHLVINMRKMMQKIRIQERNIAKLCIEYGNIPKKALLNFFSLQKTNQIWSKIVQNIKKPWIDKFNTIKPDIQMILKKLQKVEEETGLTIHQVKNINKRISLGEAKAKRAKKEMVEANLRLVISIAKKYTNRGLQFLDLIQEGNIGLMKAVDKFEYRRGYKFSTYATWWIRQAITRSIADQARTIRIPVHMIETINKLNRISRQILQEIGREPTPEELSERMLIPEDKIRKVLKIAKEPISMETPIGEDDDSHLGDFLEDTNIELPLDSATSASLRSATKNVLSGLTTREAKVLRMRFGIDMNTDHTLEEVGKQFDVTRERIRQIEAKALRKLRHPSRSEILRSFLDD","positive"
"MSNNSSAETEAPETTGGDGPLLDLTDAGVKKFIKQAKARGYVTMDELNKVLPSEEVSPDAIEDTLAMLSEMGVNVVEAEEDAENAEGGEVATRDENTTVIASDKPAAYDRTDDPVRMYLREMGSVELLSREGEIAIAKRIEAGRDTMIRGLCESALTFEAIMVWREELGTGRILLREVIDLEGTYAAINGVAAQPAAEDDEGPAEPVDDEAGEAKAEGAEGEDEDDFDDGAGPTVSAMEGELREGVMAILDAIASEFEAFRKLQDKLVGSRLKGEDLSDADRKAYEGLSATIIQHLKTLKLNNNRIEALVEQLYAINKRLIGLEGRLLRLADSYGISRGEFLKAYFGSELNPTWSEQVKAMGVRWTKFVENDSQSVTDIRSEIAALATETGVPIDDYRRIVQTVQKGEREARQAKKEMVEANLRLVISIAKKYTNRGLQFLDLIQEGNIGLMKAVDKFEYRRGYKFSTYATWWIRQAITRSIADQARTIRIPVHMIETINKIVRTSRQMLHEIGREPTPEELAEKLAMPLEKVRKVLKIAKEPISLETPIGDEEDSHLGDFIEDKNAILPIDAAIQSNLRETTTRVLASLTPREERVLRMRFGIGMNTDHTLEEVGQQFSVTRERIRQIEAKALRKLKHPSRSRKLRSFLDS","positive"
"MSSAGVVEMQKAASFRREGGGSMASMWLSADGNGAFSRSSSSSSRRMRGEEDDEEALRWAALQKLPTYDRVRAAILPMVEGEGGEAGGGGGGRRVVVDVHSLGPHERRALLERLVRVADDDNERFLLKLKERISRVGIDMPTIEVRFEHLEVEAEVRVGNSGIPTVLNSITNKIEEAANALGILPTRKQTLRILHDISGIIKPKRMTLLLGPPGSGKTTFLLALAGRLKDLKFSGQVTYNGHQMEDFVPQRTAAYISQHDLHIGEMTVRETLSFSARCQGVGSRFDMLTELTRREKAANIKPDADVDAFMKASAMEGQESNLITDYILKILGLEICADTMVGDDMVRGISGGQRKRVTTGEMLVGPANAFFMDEISTGLDSSTTFQIVKSLRQTIHILGGTAVISLLQPAPETYDLFDDIILLSDGHIVYQGPRENVLEFFELMGFKCPERKGVADFLQEVTSRKDQKQYWAQHDKPYRYVPIKEFASAFQSFHTGRSIANELATPFDKSKSHPAALTTSRYGVSAMELLKANIDRELLLIKRNSFVYIFRTIQLMTVSAMAMTVFFRTKMHRDSVADGVIFMGALFFAVMMIMLNGLSELPLTIFKLPVFFKQRDLLFFPAWTYTIPSWILKSPMSFIEVGGFCFMSYYVIGFDPNVGRFFKQYLLMLAVSQMAAALFRFVGGAARNLIVANVFGSFMLLIFMVLGGFILARDKVNKWWIWGYWISPMMYAQNAVSVNEFLGHSWDKVLNNSLSNETLGVQALMSRGIFPEAKWYWIGFGALLGFIMLFNILFTLALTYLKPDGKSQPSISEEELKEKQANINGNVLDVDTMASSNNLAIVGSTGTGSEIADNSQPTQRGMVLPFTPLSLTFEDIKYSVDMPQEMKAHGIVEDRLELLKGVSGCFRPGVLTALMGVSGAGKTTLMDVLAGRKTGGYIEGNISISGYPKKQETFARVSGYCEQNDIHSPQVTVSESLLFSAWLRLPKDVDSNTRKMFIEEVMELVELKPLRDALVGLPGVNGLSIEQRKRLTIAVELVANPSIIFMDEPTSGLDARAAAIVMRTVRNTVNTGRTVVCTIHQPSIDIFEAFDELFLMKRGGEEIYVGPLGHHSSELIKYFEGIQGVSKITDGYNPATWMLEVTTVSQEQALDVDFCDIYRKSELFQRNKALIQELSTPPPGSSELYFPTQYSQSFLIQCLACLWKQHLSYWRNPPYNAIRLFFTTVIALIFGTIFWDLGGKMGQSQDLFNAMGSMYAAVLFIGVLNGQSVQPVVSVERTVFYRERAAGMYSALPYAFGQVAIEFPYTLVQSVIYSIIVYSMIGFQWTVAKFFWYLFFMFFTLLYFTFYGMMAVGLTPSYHVASIVSSAFYAIWNLFTGFVISRPATPVWWRWYCWICPVAWTLYGLIVSQYGDIVTPMDDGIPVNVFVENYFDFKHSWLGFVAVVIVAFTMLFAFLFGFAIMKLNFQKR","positive"
"MEPANLSNLRGSSLRGSTRGSLRANSNSIWRNNGVEIFSRSSRDEDDEEALKWAALEKLPTFDRLRKGLLFGSQGAAAEVDINDLGFQERKNLLERLVKVADEDNEKFLLKLKNRIDRVGIDLPTIEVRYEHLNIDADAYVGSRSLPTFMNFMTNFVETLLNSLHILSSRKRQLTILKDISGIIKPCRMTLLLGPPSSGKTTLLLALAGKLDPALKVTGKVSYNGHELHEFVPQRTAAYISQHDLHIGEMTVRETLEFSARCQGVGSRFEMLAELSRREKAANIKPDADIDIYMKAAATEGQEANVVTDYVLKILGLDICADTMVGDDMIRGISGGQKKRVTTGEMLVGPSKALFMDEISTGLDSSTTYSIVNSLRQSVQILKGTAVISLLQPAPETYNLFDDIILLSDGYIVYQGPRDDVLEFFESMGFKCPQRKGVADFLQEVTSKKDQQQYWSKRNEPYRFITSKEFAEAYQSFHVGRKLGDELATPFDKTKCHPAALTNEKYGIGKKELLKVCTERELLLMKRNSFVYMFKFSQLTIMALITMTLFFRTEMPRDTTDDGGIYAGALFFVVIMIMFNGMSELAMTIFKLPVFYKQRDLLFFPSWAYAIPSWILKIPVTLVEVGLWVILTYYVIGFDPNITRFLKQFLLLIVVNQMASGMFRFIGAVGRTMGVASTFGSFALLLQFALGGFVLSRDDVKSWWIWGYWISPMMYSVNSILVNEFDGKKWNHIVPGGNETLGSTVVKSRGFFPEAYWYWIGVGALVGFTVVFNFCYSLALAYLNPFDKPQAVLPEDGENAENGEVSSQITSTDGGDSISESQNNKKGMVLPFEPHSITFDDVVYSVDMPQEMKEQGAGEDRLVLLKGVSGAFRPGVLTALMGVSGAGKTTLMDVLAGRKTGGYIDGEIKISGYPKKQETFARISGYCEQNDIHSPYVTVYESLVYSAWLRLPQDVDEKTRKMFVDEVMELVELGPLRSALVGLPGVNGLSTEQRKRLTIAVELVANPSIIFMDEPTSGLDARAAAIVMRTVRNTVDTGRTVVCTIHQPSIDIFEAFDELFLMKRGGQEIYVGPLGRHSCHLIKYFESNPGVAKIKEGYNPATWMLEVTASAQEMMLGIDFTEVYKNSDLYRRNKALISELGVPRPGSKDLHFETQYSQSFWTQCVACLWKQHWSYWRNPAYTAVRFIFTTFIALIFGTMFWDLGTKVSKSQDLLNAMGSMYAAVLFLGVQNASSVQPVVAIERTVFYRERAAGMYSAIPYAFGQVSIEIPYIFVQSVFYGIIVYAMIGFEWDVGKFFWYLFIMFFTLLYFTFYGMMGVAVTPNQNVASIVAAFFYGVWNLFSGFIIPRPRMPVWWRWYYWANPVAWTLYGLVASQFGDIQTKLSDNETVEQFLRRYFGFKHDFLGVVAAVLTAYVFMFAFTFAFAIKAFNFQRR","positive"
"MPSRKKKSSVTKTKKKTTGKKARVTAKAKPSVKSKLKTVKRAPAKPKSVTVAKTKSKKEKAKVVSQPLPKTAEKKPSAPPSETQQPKIGENAAESQRLGFGALLEEAKNKGYLVHEDLINLLPNDYADPSQMEGIIGRLTEMGIKVFEIPPDADSLLLEEDTQSDDDEINEDVAEVLATETRTTDPVRMYMREMGSVELLTREGEIVIAKRIEEGIRQVMGAVVQYPELIEKFIKEYDTIVATEGRLSDLLIGFFDEEESTASPVAPEARDKEAETSDEDDGGEGGSDEFGESGPDPLITQQHMEELKKLYGRYQNAIKRYGKKAPATLKHQKALAELFSTFKLSIKQFNRLTGQLRRMLRAARAQERLIMSYCVVKAKTPRKKFIASFPHNETNMKWLEQYKNENKEQAKRLEKYSKEIYRAQRNLAQLEEQNNLNIQEIKEINRRVAIGEAKSRRAKKEMIEANLRLVISIAKKYTNRGLQFLDLIQEGNIGLMKAVDKFEYRRGYKFSTYATWWIRQAITRSIADQARTIRIPVHMIETINKLNRISRQILQETGIEATPEELGRRMDMPEEKVRKVLKIAKEPISMETPIGEDEDSNLGDFIEDINMESPVDFATSAGLMEATREILSTLTPREAKVLRMRFGIDMNTDHTLEEVGKQFDVTRERIRQIEAKALRKLRHPSRAEKLHSFIEVEE","positive"
"MEQNPQSQLKLLVTRGKEQGYLTYAEVNDHLPEDIVDSDQIEDIIQMINDMGIQVMEEAPDADDLMLAENTADEDAAEAAAQVLSSVESEIGRTTDPVRMYMREMGTVELLTREGEIDIAKRIEDGINQVQCSVAEYPEAITYLLEQYDRVEAEEARLSDLITGFVDPNAEEDLAPTATHVGSELSQEDLDDDEDEDEEDGDDDSADDDNSIDPELAREKFAELRAQYVVTRDTIKAKGRSHATAQEEILKLSEVFKQFRLVPKQFDYLVNSMRVMMDRVRTQERLIMKLCVEQCKMPKKNFITLFTGNETSDTWFNAAIAMNKPWSEKLHDVSEEVHRALQKLQQIEEETGLTIEQVKDINRRMSIGEAKARRAKKEMVEANLRLVISIAKKYTNRGLQFLDLIQEGNIGLMKAVDKFEYRRGYKFSTYATWWIRQAITRSIADQARTIRIPVHMIETINKLNRISRQMLQEMGREPTPEELAERMLMPEDKIRKVLKIAKEPISMETPIGDDEDSHLGDFIEDTTLELPLDSATTESLRAATHDVLAGLTAREAKVLRMRFGIDMNTDYTLEEVGKQFDVTRERIRQIEAKALRKLRHPSRSEVLRSFLDD","positive"
"MEKNQQSTAEQYSEQIEQLMELGRTQGYLTFAEINDLLPEDAIDPEYYDKLLQTLQNDAGIPVLDEAPESDDMMLSDTIPDEDAVEEATQILSNVESEIGRTTDPVRMYMREMGTVDLLTREDEISIAKRIEGGIDEVQTSISAYPEALNGLLKNYDDVEKGNFRLTDLITGFVDPNAEIEEHNGLDEDFSDEDDEEESSNADVEDNEDEEDNESESTSDSSDSDNSIDPEVAREKFQQLREQHSKTLAVIEKHGRSGKRAQDQIALLGEIFKQFRLVPKQFDLLVLSMKEMMKRVRYQERQLQKILVDIAGMPKDDFEKIITTNGSNSEWVAKALKSSKPWAKRLIKYEDRIYEALNNLAITEENTKLTITQMRDICDAVARGEQKARRAKKEMVEANLRLVISIAKKYTNRGLQFLDLIQEGNIGLMKAVDKFEYRRGYKFSTYATWWIRQAITRSIADQARTIRIPVHMIETINKLNRISRQLLQEMGREATPEELAERMGMPEDKIRKVLKIAKEPISMETPIGDDDDSHLGDFIEDSTLELPLDSATAQSLKVATHEVLEGLTPREAKVLRMRFGIDMNTDHTLEEVGKQFDVTRERIRQIEAKALRKLRHPSRSETLRSFLDE","positive"
"MKKKANEEKAPKRAKQEAKTEATQENKAKESNKENKNNKAKEGKIKEAKTKESKVKETAKEPIPVKKLSFNEALEELFANSLSDCVSYESIIQISAKVPTLAQIKKIKELCQKYQKKLVSSSEYAKKLNAIDKIKNTEEKQKVLDEELEDGYDFLKEKDFLEWSRSDSPVRMYLREMGDIKLLSKDEEIELSKQIRLGEDIILDAICSVPYLIDFIYAYKDALINRERRVKELFRSFDDDDENSVSDPKKDDDSEEDEENEERKKVVSEKDKKRVEKVQESFKALDKAKKEWLKALEAPIDEKEDELVRSLTLAYKRQTLKDRLYDLEPTSKLINELVKTMETTLKSGDGFEKELKRLEYKLPLFNDTLIANHKKILANITNMTKEDIIAQVPEATMVSVYMDLKKLFLTKEASEEGFDLAPNKLKEILEQIKRGKLISDRAKNKMAKSNLRLVVSIAKRFTSRGLPFLDLIQEGNIGLMKAVDKFEHEKGFKFSTYATWWIKQAISRAIADQARTIRIPIHMIDTINRINKVMRKHIQETGKEPDLEVVAEEVGLSLDKVKNVIKVTKEPISLETPVGNDDDGKFGDFVEDKNIVSSIDHIMREDLKAQIESVLDQLNEREKAVIRMRFGLLDDESDRTLEEIGKELNVTRERVRQIESSAIKKLRSPQYGRILRNYLRI","positive"
"MKKKANEEKAQKRAKTEAKAEATQENKTKENNKAKESKIKESKIKEAKAKEPIPVKKLSFNEALEELFANSLSDCVSYESIIQISAKVPTLAQIKKIKELCQKYQKKLVSSSEYAKKLNAIDKIKKTEEKQKVLDEELEDGYDFLKEKDFLEWSRSDSPVRMYLREMGDIKLLSKDEEIELSKQIRLGEDIILDAICSVPYLIDFIYAYKDALINRERRVKELFRSFDDDDENSVSDSKKDEDNEEDEENEERKKVVSEKDKKRVEKVQESFKALDKAKKEWLKALEAPIDEREDELVRSLTLAYKRQTLKDRLYDLEPTSKLINELVKTMETTLKSGDGFEKELKRLEYKLPLFNDTLIANHKKILANITNMTKEDIIAQVPEATMVSVYMDLKKLFLTKEASEEGFDLAPNKLKEILEQIKRGKLISDRAKNKMAKSNLRLVVSIAKRFTSRGLPFLDLIQEGNIGLMKAVDKFEHEKGFKFSTYATWWIKQAISRAIADQARTIRIPIHMIDTINRINKVMRKHIQENGKEPDLEVVAEEVGLSLDKVKNVIKVTKEPISLETPVGNDDDGKFGDFVEDKNIVSSIDHIMREDLKAQIESVLDQLNEREKAVIRMRFGLLDDESDRTLEEIGKELNVTRERVRQIESSAIKKLRSPQYGRILRNYLRI","positive"
"MDAAGEIQKVASMRLGGSMRGDSGSMWRRGDDVFSRSSREEDDEEALRWAALEKLPTYDRVRRAILPLGGDDGAGDGGGKGVVDVHGLGPRERRALLERLVRVADEDNEKFLLKLKDRVDRVGIDMPTIEVRFEHLEAEAEVRVGNSGLPTVLNSITNTLEEAGNALGILPNRKQTMPVLHDVSGIIKPRRMTLLLGPPGSGKTTLLLALAGRLGKDLKASGKVTYNGHGMEEFVPERTAAYISQHDLHIGEMTVRETLAFSARCQGVGSRFDMLTELSRREKAANIKPDADIDAFMKAAAMGGQEANVNTDYILKILGLEICADTMVGDEMLRGISGGQRKRVTTGEMLVGPARALFMDEISTGLDSSTTFQIVNSLRQTVHILGGTAVISLLQPAPETYNLFDDIILLSDGQIVYQGPREDVLEFFESMGFKCPDRKGVADFLQEVTSKKDQRQYWARHDKPYRFVTVKEFVSAFQSFHTGRAIANELAVPFDKSKSHPAALATTRYGAPGKELLKANIDREILLMKRNSFVYMFRTFQLMVVSLIAMTLFFRTKMKRDSVTSGGIYMGALFFGVLMIMFNGFSELALTVFKLPVFFKQRDLLFYPAWSYTIPSWILKIPITFIEVGGYVFLTYYVIGFDSNVGSFFKQYLLMLAINQMAGSLFRFIGGAARNMIVANVFASFMLLIFMVLGGFILAREQVKKWWIWGYWISPMMYAQNAISVNELMGHSWNKIVNSSASNETLGVQVLKSRGVFPEARWYWIGFGAMIGFTILFNALFTLALTYLRPYGNSRQSVSEEELKEKRANLNGEIVGDVHLSSGSTRRPMGNGTENDSTIVDDDTEVTQRGMVLPFTPLSLSFDNVRYSVDMPQEMKAQGVADDRLELLKGVSGSFRPGVLTALMGVSGAGKTTLMDVLAGRKTGGYIEGSINISGYPKKQETFARVSGYCEQNDIHSPQVTVYESLLFSAWLRLPEDVDSNTRKMFIEEVMELVELKSLRDALVGLPGVNGLSTEQRKRLTIAVELVANPSIIFMDEPTSGLDARAAAIVMRTVRNTVNTGRTVVCTIHQPSIDIFEAFDELFLMKRGGEEIYAGPLGHHSSELIKYFESIPGVSKIKDGYNPATWMLEVTTIGQEQALGVDFSDIYKKSELYQRNKALIKDLSQPAPDSSDLYFPTQYSQSSLTQCMACLWKQNLSYWRNPPYNAVRFFFTTVIALLFGTIFWDLGGKVTKSQDLFNAMGSMYAAVLFIGVMNCTSVQPVVAVERTVFYRERAAGMYSAFPYAFGQVVIEIPYTLVQATVYGIIVYAMIGFEWTAAKFFWYLFFMVFTLLYFTFYGMMAVGLTPNYHIASIVSSAFYAIWNLFSGFVIPRPRVPIWWRWYCWACPVAWTLYGLVVSQFGDIETPMEDGTPVKVFVENYFGFKHSWLGWVATVVAAFAFLFASLFGFAIMKFNFQKR","positive"
"MENLQSMPEVQKIISLGKANGEVSYDDINEILPDKILNSEKIDDFFTLLHEMGIEIVEEYTRNTLEPASTLVPKDDSKPARKKKESSASTSGSEDPIKLYLREIGKVSLISGETEVFLAKRIEKGEKIIEETILSSSILRANYIKLLPKIRSKKIKVYDLIRVDKMYALNAEEAHKLEELFFKNILVIQEQEKVLQEAVSKIRKYSETSKKYKEFKEKIDASTEIIHNAIRELGVSQKEIQKISQKIKSMVFRIKEIDRHFLKIKAQYGQDVRDIKAFNRFIEKNEKLDDIEVKMGVNIDEVREVIKDIRNNERKLRRMEQEAGSTVQEIKDWGEKIIKGEREISQAKKELVKANLRLVVSIAKRYANRGMHFFDLIQEGNIGLIKAVDKFEYKKGYKFSTYATWWIRQAITRAISDQARTIRVPVHMIEQVNKVIRETRLFIQEFGRDPNNEEIAERLGWPVQKVKMVKNVAREPISLEIPVGSEEDSELGDFIPDTEVETPVNAAASSILAEQIRQVLHTLPAREQKVIRMRFGLDDGYPQTLEEVGYQFKVTRERIRQIEAKALRRLRHPSRSKKLKDYIDG","positive"
"MENLQSMPEVQKIISLGKANGEVSYDDINEILPDKILNSEKIDDFFTLLHEMGIEIVEEYTRNTLEPASTLVPKDDSKPARKKKESSASTSGSEDPIKLYLREIGKVSLISGETEVFLAKRIEKGEKIIEETILSSSILRANYIKLLPKIRSKKIKVYDLIRVDKMYALNAEEAHKLEELFFKNILVIQEQEKVLQEAVSKIRKYSETSKKYKEFKEKIDASTEIIHNAIRELGVSQKEIQKISQKIKSMVFRIKEIDRHFLKIKAQYGQDVRDIKAFNRFIEKNEKLDDIEVKMGVNIDEVREVIKDIRNNERKLRRMEQEAGSTVQEIKDWGEKIIKGEREISQAKKELVKANLRLVVSIAKRYANRGMHFFDLIQEGNIGLIKAVDKFEYKKGYKFSTYATWWIRQAITRAISDQARTIRVPVHMIEQVNKVIRETRLFIQEFGRDPNNEEIAERLGWPVQKVKMVKNVAREPISLEIPVGSEEDSELGDFIPDTEVETPVNAAASSILAEQIRQVLHTLPAREQKVIRMRFGLDDGYPQTLEEVGYQFKVTRERIRQIEAKALRRLRHPSRSKKLKDYIDG","positive"
"MDREVHRMASLRREGSMWRSGGDVFSRSSSRFQDEDDDEEALRWAALERLPTYDRVRRGILAVSSEDGGAGGEKVEVDVGRLGARESRALIERLVRAADDDHERFLLKLRERMDRVGIDYPTIEVRFENLEVEADVHVGNRGLPTLLNSVTNTVEAIGNALHILPNKKQPMTVLHDVSGIIKPRRMTLLLGPPGSGKTTLLLALAGKLDKDLKVSGKVTYNGHGMHEFVPERTAAYISQHDLHIGEMTVRETLAFSARCQGVGTRYEMLTELARREKAANIKPDHDIDIYMKASAMGGQESSVVTDYILKILGLDICADTVVGNEMLRGISGGQRKRVTTGEMLVGPARALFMDEISTGLDSSTTYQIVNSLRQTIHILGGTAVISLLQPAPETYNLFDDIILLSDGQVVYQGPREHVLEFFEFMGFRCPARKGVADFLQEVTSRKDQGQYWCRRDRPYRFVPVKQFADAFRSFHVGRSIQNELSEPFDRTRSHPAALATSKYGVSRKELLKATIDRELLLMKRNAFMYIFKAVNLTLMALIVMTTFFRTSMRHDRDYGMIYLGALYFALDTVMFNGFAELAMTVMKLPVFFKQRDLLFFPAWAYTIPSWILQIPITFLEVGVYVFITYYVIGFDPSVSRFFKQYLLLLALNQMSSALFRFIAGIGRDMVVSHTFGPLSLLAFAALGGFILARPDVKKWWIWGYWISPLSYAQNAISTNEFLGHSWSQILPGENVTLGVSVLKSRGIFTEAKWYWIGLGALLGYTLLFNLLYTVALSVLSPFTDSHASMSEDALKEKHANLTGEVVEGQKDTKSRKQELELSHIADQNSGINSADSSASRKGMVLPFAPLSISFNDVRYSVDMPEAMKAQGITEDRLLLLKGVSGSFRPGVLTALMGVSGAGKTTLMDVLAGRKTGGYIEGDIRISGYPKKQETFARISGYCEQNDIHSPHVTVYESLVFSAWLRLPSEVDSEARKMFIEEVMDLVELTSLRGALVGLPGVSGLSTEQRKRLTIAVELVANPSIIFMDEPTSGLDARAAAIVMRTVRNTVNTGRTVVCTIHQPSIDIFEAFDELFLMKRGGEEIYVGPVGQNSSKLIEYFEGIDGVSRIKDGYNPATWMLEVTSSAQEEMLGVDFSEIYRQSELYQRNKELIEELSTPPPGSTDLNFPTQYSRSFITQCLACLWKQNWSYWRNPSYTAVRLLFTIVIALMFGTMFWNLGTRTKKQQDLFNAMGSMYAAVLYIGVQNSGSVQPVVVVERTVFYRERAAGMYSAFPYAFGQVAIELPYIMVQTLIYGVLVYSMIGFEWTVAKFLWYLFFMYFTLLYFTFYGMMAVGLTPNESIAAIISSAFYNVWNLFSGYLIPRPKIPVWWRWYCWICPVAWTLYGLVASQFGDIQHVLEGDTRTVAQFVTDYFGFHHNFLWVVAVVHVVFAVTFAFLFSFAIMKFNFQRR","positive"
"MPTQKPSKASVKPTKKKVDPVIRKKKAPDGAAAKGAKTGAEEKEELVARDVVAEATEKLKKKKKGVAPAMGDDVDPEEAAEEAAAAVQVDPDAVEDDIEEDPVAERKEVKDLLAAGREKGFLTYDEVNDALPADIVSSDQIDDVMSMFGDNDIEIVDAQKAAQNNEIKPTVTVEEEKEDADEDEKDEDDEPGGKSNDPVRLYLRKMGSVSLLTREGEVEIAKRIEDGEKEVLRALLACKVAVEEILDIGNKLKTAKLRVRDVIKDAPEETQSEGAEEAPEEVGEGDAPAQLAQSELNKIEQICKQIERFRKFAQDCDVLEEELSSKKKLTEVRKKEVKQEIKDLRTKMMEVLEEMRLNKKQVDRIVINLKALIERVDKAEDELRDLERRYDCSMKELRPQLKESRENPNIGKKLQKQLNLTPEQLEVLDRDVRTAVRKIKKVEEEANLPVESLRRNYDAIRLGERRAERAKSELVEANLRLVVSIAKKYTNRGLQFLDLIQEGNIGLMKAVDKFEYKRGYKFSTYATWWIRQAITRAIADQARTIRIPVHMIETINKLIRTSRYLVQEIGREPTPEEIAEKMELPLDKVRKVLKIAKEPISLETPIGEEEDSHLGDFIEDKSLVSPADAVINMNLAEQTRKVLATLTPREEKVLRMRFGIGEKSDHTLEEVGQDFEVTRERIRQIEAKALRKLRHPSRSKRLRSFVES","positive"
"MSKNQNHEEYQDDARPLTIEEQRARLRQLIIMGKERGYITYSEINDALPDDMSDADQIDNIVSMISGLGIQVTEHAPDAEDILLSDNAAVTDDDAVEEAEAALSSADSEFGRTTDPVRMYMREMGQVDLLTREDEIIIAKKIENALKNMVQAISACPGSIAEILELIEKICKDEIRVDEVVEAIIDPNEVLRNELGLGHLETTAPEKPSNDNSDENEDDEESEEDADEISAANLAELKQKVIGHFAQIEKDYKKMIGCLEKHHSRHKDYLAYRDAIANKLLEVRFATRQIDSLSSSLRGKVENIRKLEREIRDICLDRVHMERDYFIQNFLPEITNLQWIEEEIAKGRVWSNALDRFRHAILEKQTELADMEKETRISIEELKEINKNMVSSEKVSAAAKQEMIQANLRLVISIAKKYTNRGLQFLDLIQEGNIGLMKAVDKFEYRRGYKFSTYATWWIRQAITRSIADQARTIRIPVHMIETINKMNRISRQHLQETGEEPDSAKLAELMQMPEDKIRKIMKIAKEPISMETPIGDDDDSHLGDFIEDANNVAPADAAMYTSLHEVTKEILESLTPREAKVLRMRFGIDMNTDHTLEEVGRQFDVTRERIRQIEAKALRKLRHPTRSDRLRSFLDSEDSKL","positive"
"MSGKAQQQSRLKELIARGREQGYLTYAEVNDHLPEDISDPEQVEDIIRMINDMGINVFETAPDADALLLAEADTDEAAAEEAAAALAAVESDIGRTTDPVRMYMREMGTVELLTREGEIEIAKRIEEGIREVMSAIAQFPGTVDSILADYNRIVAEGGRLSDVLSGYIDPDDGSLPAEEVEPVNLKDDSADSKEKDDEEEESDDSSDSDDEGDGGPDPEEARLRFTAVSEQLDKAKKALKKHGRGSKQATAELTGLAELFMPIKLVPKQFDALVARVRSALEGVRAQERAIMQLCVRDARMPRADFLRLFPNHETDEKWVDSVLKSKPKYAEAIERLRDDILRNQQKLAALESEVELTVAEIKEINRAMSIGEAKARRAKKEMVEANLRLVISIAKKYTNRGLQFLDLIQEGNIGLMKAVDKFEYRRGYKFSTYATWWIRQAITRSIADQARTIRIPVHMIETINKLNRISRQMLQEMGREPTPEELGERMDMPEDKIRKVLKIAKEPISMETPIGDDEDSHLGDFIEDSTMQSPIEMATSESLKESTREVLAGLTAREAKVLRMRFGIDMNTDHTLEEVGKQFDVTRERIRQIEAKALRKLRHPSRSEHLRSFLDE","positive"
"MSGKAQQQSRIKELITRGREQGYLTYAEVNDHLPEDISDPEQVEDIIRMINDMGINVFESAPDADALLLAEADTDEAAAEEAAAALAAVETDIRRTTDPVRMYMREMGTVELLTREGEIEIAKRIEEGIREVMGAIAHFPGTVDYILGEYDRVNRGCRLSDVLSGYIDPDDNIAAPTEEVPIPGTKAAAAKEEADDDEEESEGGDDEEEPKAALTRSSQPSVSVRYPSSFSDHQGPEEKRSYPQGKRRALQALADLFMPIKLVPKQFEVLVERVRDALNRLRQQERAIMQLCVRDARMPRADFLRMFPSNETDQTWSGDLAKRNTKWAAALGEKDAAIVACQQKLIDLETETGLTVAEIKEINRRMSIGEAKARRAKKEMVEANLRLVISIAKKYTNRGLQFLDLIQEGNIGLMKAVDKFEYRRGYKFSTYATWWIRQAITRSIADQARTIRIPVHMIETINKLNRISRQMLQEMGREPTPEELGERMEMPEDKIRKVLKIAKEPISMETPIGDDEDSHLGDFIEDSTMQSPIYVATVESLKEATRDVLSGLTAREAKVLRMRFGIDMNTDHTLEEVGKQFDVTRERIRQIEAKAWRKLRHPTRSEHLRSFLDE","positive"
"MATKVKENEDAEVERDGASDGPLLDLSDDAVKKMIKAAKKRGYVTMDELNAVLPSEEVTSEQIEDTMSMLSDMGINVIEDEEAEEAGASGGGDDDDAGGDEDSEGGELAPSAGTALATAKKKEPTDRTDDPVRMYLREMGSVELLSREGEIAIAKRIEAGRETMIAGLCESPLTFQALIIWRDELNEGTTLLREIIDLETTYSGPEAKAAPQFQSPEKIEADRKAAEEKEKTRRARSGDDDITDVGGEGLPPEEEEEDEDESNLSLAAMEAELRPQVMETLDIIAETYKKLRKLQDQQVEQRLAATGTLSSAQERRYKELKDELIKAVKSLSLNQNRIDALVEQLYDINKRLVQNEGRLLRLAESYGVKRDSFLEQYQGAELDPNWMKSIGNLAARGWKEFAKAENTTIRDIRQEIQNLATETGISISEFRRIVHMVQKGEREARIAKKEMVEANLRLVISIAKKYTNRGLQFLDLIQEGNIGLMKAVDKFEYRRGYKFSTYATWWIRQAITRSIADQARTIRIPVHMIETINKIVRTSRQMLHEIGREPTPEELAEKLAMPLEKVRKVLKIAKEPISLETPVGDEEDSHLGDFIEDKNALLPIDAAIQANLRETTTRVLASLTPREERVLRMRFGIGMNTDHTLEEVGQQFSVTRERIRQIEAKALRKLKHPSRSRKLRSFLDS","positive"
"MATKVKENEEADVEREGAPDGPLLDLSDDAVKKMIKAAKKRGYVTMDELNSVLPSEEVTSEQIEDTMSMLSDMGINVIEDEEAEEAAASDDDDGADEGESEGGELAPASGTALAASKKKEPTDRTDDPVRMYLREMGSVELLSREGEIAIAKRIEAGRETMIAGLCESPLTFQALIIWRDELNEGQTLLREIIDLETTYSGPEAKAAPQFQSPEKIEADRKAAEEKEKVRRTRTAANDDDITNVGGEGQAPEEEEEDDDESNLSLAAMEAELRPQVMETLDVIAETYKKLRKLQDQQVEARLAATGTLSPAQERRYKELKDELIKAVKSLSLNQNRIDALVEQLYDISKRLTQNEGRLLRLAESYGVKREAFLEQYSGAELDPNWMKSISNLAGKGWKEFARAENQTIRDIRQEIQNLATETGISIAEFRRIVSMVQKGEREARIAKKEMVEANLRLVISIAKKYTNRGLQFLDLIQEGNIGLMKAVDKFEYRRGYKFSTYATWWIRQAITRSIADQARTIRIPVHMIETINKIVRTSRQMLHEIGREPTPEELAEKLAMPLEKVRKVLKIAKEPISLETPVGDEEDSHLGDFIEDKNALLPIDAAIQANLRETTTRVLASLTPREERVLRMRFGIGMNTDHTLEEVGQQFSVTRERIRQIEAKALRKLKHPSRSRKLRSFLDS","positive"
"MAAKDIDDTKPDTAADEDASFDMSQAAVKRMIGEAKERGYITIDQLNAVMPPETVSGEQIEDVMSMLSEMGINVVEGEEVEESEGGEVVETGSGSREIAVAGAAGETLDRTDDPVRMYLREMGSVELLSREGEIAIAKRIEAGRNTMIAGLCESPLTFQAITIWRDELLSEEILLRDVIDLEATFGRSLDGDEGLEGMEGIEGPVVEGLDLEAAEGAAPAARRPASDEPEYDADGNPISRIDEEEDDDDSSNMSLAAMEAALKPKVLETLELIARDYAKLAEMQDLRMSATLNEDGTFTVAEEAAYQKLRSEIVLLVNELHLHNNRIEALIDQLYGINRKIMSIDSGMVKLADAARINRREFIDEYRGYELDPTWMDRMSAKPARAWVTLFEKSRHKVEDLRHEMAQVGQYVGVDISEFRRIVNQVQKGEKEARQAKKEMVEANLRLVISIAKKYTNRGLQFLDLIQEGNIGLMKAVDKFEYRRGYKFSTYATWWIRQAITRSIADQARTIRIPVHMIETINKLVRTGRQMLHEIGREPTPEELAEKLQMPLEKVRKVMKIAKEPISLETPIGHEEDSQLGDFIEDKNAILPLDSAIQENLKETTTRVLPSLTPREERVLRMRFGIGMNTDHTLEEVGQQFSVTRERIRQIEAKALRKLKHPSRSRKLPSFLDQ","positive"
"MAAKDIDDTKPDTAADEDASFDMSQAAVKRMIGEAKERGYITIDQLNAVMPPETVSGEQIEDVMSMLSEMGINVVEGEEVEESEGGEVVETGSGSREIAVAGAAGETLDRTDDPVRMYLREMGSVELLSREGEIAIAKRIEAGRNTMIAGLCESPLTFQAITIWRDELLSEEILLRDVIDLEATFGRSLDGDEGMEGMEGIEGPVVEGLDLETAEGAAPAARRPASDEPEYDADGNPISRIDEEEDDDDSSNMSLAAMEAALKPKVLETLELIARDYAKLAEMQDLRMSATLNEDGTFSVAEEAAYQKLRSEIVLLVNELHLHNNRIEALIDQLYGINRKIMSIDSGMVKLADAARINRREFIDEYRGYELDPTWMDRMSAKPARAWVTLFEKSRDKVEDLRHEMAQVGQYVGVDISEFRRIVNQVQKGEKEARQAKKEMVEANLRLVISIAKKYTNRGLQFLDLIQEGNIGLMKAVDKFEYRRGYKFSTYATWWIRQAITRSIADQARTIRIPVHMIETINKLVRTGRQMLHEIGREPTPEELAEKLQMPLEKVRKVMKIAKEPISLETPIGDEEDSQLGDFIEDKNAILPLDSAIQENLKETTTRVLASLTPREERVLRMRFGIGMNTDHTLEEVGQQFSVTRERIRQIEAKALRKLKHPSRSRKLRSFLDQ","positive"
"MTNTDNNNLNKIDSLLKKAKSKKGSVTYNDINRALPDGTSVEEIDKVMFRFSEAEVDILDTNEDDAIKIDDMEMEEGFKISTNIDHEPEDETEEENIGTTDDPVRLYLKDMGGVDLLTRENEVEIAKRIEEGRKTLIAALCRSPIAMDKFRKWYADLVNENNMLLRDLIDLESNMMHDDETSESEDDHNSDHEEEEQDHDHDHEENILSMSKVETQILPNIIERMKKIAFICEELLIETKKSFEKSAGPKILQNSKKYNDNLELLISEVSEIHFNSKRTEEILSEMYRINRDLINKETAFLKLAEKYGITRQNFLDEYIGAVINAAWKEKMLKNKKAGWKELLTKESDYIDQMIAELSAIEINTGLLVNDFKKLVNAIQKSERQTLQAKKDMIEANLRLVISIAKKYANRGLQFLDLIQEGNIGLMKAVDKFEYRRGYKFSTYATWWIRQAITRAIADQARTIRIPVHMIETINKIIRTSRQMLNELGYEPTPAEIAARLSMPIDKVRKVMKIAKEPISLENPVGDGDDNSYLGDFIEDKNAVAPIDAAIQSNLREVTTRVLATLTPREERVLRMRFGIGMNTDHTLEEVGQQFKVTRERIRQIESKALRKLQHPIRSKKLNSFRSGGKRGDGNPSDLLEA","positive"
"MSNSNIDNDLDKIDSLLKKAKSKKIPVTYDDINNALPLNKNPSIRQLEEAILKFSDAGVDILESNEDDEIKLDIGMDEEFKLSTNVDNEPEDEVEEENIGTTDDPVRLYLKDMGGVDLLTREHEVEIAKRIEEGHKTMIASLCRSPIAMRCFIVWYEDLVNEKMLLRDLIDLEANMLHDETPENDEENSSETEGEEHEDNHLSMSRVETQILPNIIERMKKIAFICEELLIEAKKCYEKSFEPKVLQNSKKYNNLELLINEVSEIHFNSKRTEEILGKMYGINRDLINKETAFLKLAEKYGVTRQNFLDEYIGSVINAAWKEKMLKNKKVAWKELMTKESDYIDQMIAELSVIESKTGLLVNDFKKLVNTIQKSERQTLQAKKDMIEANLRLVISIAKKYANRGLQFLDLIQEGNIGLMKAVDKFEYRRGYKFSTYATWWIRQAITRAIADQARTIRIPVHMIETINKILRTSRQMLNELGYEPTATEIANRLSMPLDKVRKVMKIAKEPISLENPVGDDSDGGQLGDFIEDKNAVAPIDAAIQSNLREVTTRVLATLTPREERVLRMRFGIGMNTDHTLEEVGQQFKVTRERIRQIESKALRKLQHPIRSKKLNSFRSGGKRGDGNSSDLLEA","positive"
"MSNSNIDNDLDKIDSLLKKAKSKKIPVTYDDINKALPLNKNPSIRQLEEAILKFSDAGVDILESNEDDEIKLDIGMDEEFKLSTNVDNEPEDEVEEENIGTTDDPVRLYLKDMGGVDLLTRENEVEIAKRIEEGRKTMTASLCKSPIAMRCFIVWYEDLVNEKMLLRDLIDLEANMLHDETPENDEEHSSETEGEEHEDNHLSMSRVETQILPNIIERMKKISFICEELLIEAKKCYEKSFEPKVLQNSKKYNNNLELLINEVSEIHFNSKRTEEILGKMYGINRDLINKEIAFLKLAEKYGVTRQNFLDEYIGSVINAAWKEKMLKNKKVAWKELITKESDYIDQMIAELSVIESNTGLLVNDFKKLVNTIQKSERQTLQAKKDMIEANLRLVISIAKKYANRGLQFLDLIQEGNIGLMKAVDKFEYRRGYKFSTYATWWIRQAITRAIADQARTIRIPVHMIETINKILRTSRQMLNELGYEPTATEIANRLSMPLDKVRKVMKIAKEPISLENPVGDDSDGGQLGDFIEDKNAVAPIDAAIQSNLREVTTRVLATLTPREERVLRMRFGIGMNTDHTLEEVGQQFKVTRERIRQIESKALRKLQHPIRSKKLNSFRSGGKRGEGNPSDLLEA","positive"
"MSNSNIDNDPAKIDSLLKKAKSKKIPVTYDDINKALPLNKNPSIRQLEEAILKFSDAGVDILESNEDDEIKLDIGMDEEFKLSTNVDNESEDEVEEENIGSTDDPVRLYLKDMGGVDLLTRENEVEIAKRIEEGRKTMTASLCRSPIAMRCFIVWYEDLVNEKMLLRDLIDLEANMLHDEVHENDEEHNSETEVEEHEDNHLSMSRVETQILHNIIDRMKKISFICEELLIEAKKCYEESFEPKVLQNSKKYNNNLELLINEVSEIHFNSKRTEEILGKMYGINRDLINKETAFLKLAEKYGVTRQNFLDEYIGSVINAAWKEKMLKNKKVAWKELITKESDYIDQMINELSVIESNTGLLVNDFKKLVNTIQKSERQTLQAKKDMIEANLRLVISIAKKYANRGLQFLDLIQEGNIGLMKAVDKFEYRRGYKFSTYATWWIRQAITRAIADQARTIRIPVHMIETINKILRTSRQMLNELGYEPTATEIANRLSMPLDKVRKVMKIAKEPISLENPVGDDSDGGQLGDFIEDKNAVAPIDAAIQSNLREVTTRVLATLTPREERVLRMRFGIGMNTDHTLEEVGQQFKVTRERIRQIESKALRKLQHPIRSKKLNSFRNGGKRGDGNPSDLLEA","positive"
"MSNSNIDNDPAKIDSLLRKAKSKKIPVTYDDINKALPLNKNPSIRQLEEAILKFSDAGVDILESNEDDEIKLDIGIDEEFKLSTNVDNESEDEVEEENIGSTDDPVRLYLKDMGGVDLLTRENEVEIAKRIEEGRKTMTASLCRSPVAMRCFIVWYEDLVNEKMLLRDLIDLEANMLHDEVHENDEEHNSETEVEEHEDNHLSMSRVETQILHNIIDRMKKISFICEELLIEAKKCYEESFDPKVLQNSRKYNNNLELLIHEVSEIHFNSKRTEEILGKMYGINRDLINKETAFLKLAEKYGVTRQNFLDEYIGSVINAAWKEKMLKNKKVAWKELITKESDYIDQMINELSVIESNTGLLVNDFKKLVNTIQKSERQTLQAKKDMIEANLRLVISIAKKYANRGLQFLDLIQEGNIGLMKAVDKFEYRRGYKFSTYATWWIRQAITRAIADQARTIRIPVHMIETINKILRTSRQMLNELGYEPTATEIANRLSMPLDKVRKVMKIAKEPISLENPVGDDSDGGQLGDFIEDKNAVAPIDAAIQSNLREVTTRVLATLTPREERVLRMRFGIGMNTDHTLEEVGQQFKVTRERIRQIESKALRKLQHPIRSKKLNSFRNGGKRGDGNPSDLLEA","positive"
"MEQNPQSQLKLLVTRGKEQGYLTYAEVNDHLPEDIVDSDQIEDIIQMINDMGIQVMEEAPDADDLLLAENTTSTDEDAEEAAAQVLSSVESEIGRTTDPVRMYMREMGTVELLTREGEIDIAKRIEDGINQVQCSVAEYPEAITYLLEQYDRVEAEEARLSDLITGFVDPNAEEEMAPTATHVGSELSQEDLDDDEDEDEEDGDDDAADDDNSIDPELAREKFAELRAQYVVTRDTIKAKGRSHAAAQEEILKLSEVFKQFRLVPKQFDYLVNSMRVMMDRVRTQERLIMKLCVEQCKMPKKNFITLFTGNETSETWFNAAIAMNKPWSEKLHDVAEEVQRCLQKLRQIEEETGLTIEQVKDINRRMSIGEAKARRAKKEMVEANLRLVISIAKKYTNRGLQFLDLIQEGNIGLMKAVDKFEYRRGYKFSTYATWWIRQAITRSIADQARTIRIPVHMIETINKLNRISRQMLQEMGREPTPEELAERMLMPEDKIRKVLKIAKEPISMETPIGDDEDSHLGDFIEDTTLELPLDSATTESLRAATHDVLAGLTAREAKVLRMRFGIDMNTDHTLEEVGKQFDVTRERIRQIEAKALRKLRHPSRSEVLRSFLDD","positive"
"MEQNPQSQLKLLVTRGKEQGYLTYAEVNDHLPEDIVDSDQIEDIIQMINDMGIQVMEEAPDADDLLLAENTTSTDEDAEEAAAQVLSSVESEIGRTTDPVRMYMREMGTVELLTREGEIDIAKRIEDGINQVQCSVAEYPEAITYLLEQYDRVEAEEARLSDLITGFVDPNAEEEMAPTATHVGSELSQEDLDDDEDEDEEDGDDDAADDDNSIDPELAREKFAELRAQYVVTRDTIKAKGRSHAAAQEEILKLSEVFKQFRLVPKQFDYLVNSMRVMMDRVRTQERLIMKLCVEQCKMPKKNFITLFTGNETSETWFNAAIAMNKPWSEKLHDVAEEVQRCLQKLRQIEEETGLTIEQVKDINRRMSIGEAKARRAKKEMVEANLRLVISIAKKYTNRGLQFLDLIQEGNIGLMKAVDKFEYRRGYKFSTYATWWIRQAITRSIADQARTIRIPVHMIETINKLNRISRQMLQEMGREPTPEELAERMLMPEDKIRKVLKIAKEPISMETPIGDDEDSHLGDFIEDTTLELPLDSATTESLRAATHDVLAGLTAREAKVLRMRFGIDMNTDHTLEEVGKQFDVTRERIRQIEAKALRKLRHPSRSEVLRSFLDD","positive"
"MEHTPQSQLKLLLAKGKEQGYLTYAEVNDHLPADMVDADQIEDIVQMINDMGIRVYEQAPDADEIMMTEDSTDDDAAEEAAAALATVEAELGRTTDPVRMYMREMGTVELLTREGEIVIAKRIEEGIYTVQASVAEYPPAIASILDQFDRYEAEEVRLSDIISGFIDPNAADIAPTATHIGSDLSQSERDKDDSKDDSKDDDEDEEEEGPKGPDPEESKERFTQLREVHENTLKIIADKGRGHPEATVALFEIGELFKEFRLMPKQFDRLVKNMRATMDKVRVQERLIMKLCVEQAKMPKKNFVKGYTADESSIAWFDTELASKKPYAEGLKMIEPDVRRCRFKLDIIEKETGLAIASIKDINRRMSIGEAKARRAKKEMVEANLRLVISIAKKYTNRGLQFLDLIQEGNIGLMKAVDKFEYRRGYKFSTYATWWIRQAITRSIADQARTIRIPVHMIETINKLNRISRQMLQEMGREPTPEELAERMLMPEDKIRKVLKIAKEPISMETPIGDDEDSHLGDFIEDTTLELPLDSATGESLRNATHEVLAGLTAREAKVLRMRFGIDMNTDHTLEEVGKQFDVTRERIRQIEAKALRKLRHPSRSEILKSFLDE","positive"
"MDNKIVYVVSDSVGETADLVVRAAMGQFPFAPDIRRVPYVEDTGTLKEVISIAKSNQALICFTLVKPDMRQYLVTEAAKEGVEAYDIIGPLIDQIEEITGQVPRYEPGVVRRLDEEYFKKIEAIEFAVKYDDGRDARGILKADIVLIGISRTSKTPLSQYLAHNKRLKVANVPLVPEVDPPEELYQVAKEKCFGLKITPEKLNHIRKERLKSLGLSDGATYANINRIKEEIDHFENVVSKINCQVIDVSNKAIEETANIIVNAVQNQKMF","positive"
"MDNKIVYVVSDSVGETADLVVRAAMGQFPFAPDIRRVPYVEDTGTLKEVISIAKSNQALICFTLVKPDMRQYLVTEAAREGVEAYDIIGPLIDQIEEITGQVPRYEPGVVRRLDEEYFKKIEAIEFAVKYDDGRDARGILKADIVLIGVSRTSKTPLSQYLAHNKRLKVANVPLVPEVDPPEELYQVAKEKCFGLKITPDKLNHIRKERLKSLGLSDGATYANINRIQEEIDHFEEVISKINCQVIDVSNKAIEETANIIVNAVQNQKMF","positive"
"MDNKIVYVVSDSVGETADLVVRAAMGQFPFAPDIRRVPYVEDTGTLKEVISIAKSNQALICFTLVKPDMRQYLVTEAAKEGVEAYDIIGPLIDQIEEITGQVPRYEPGVVRRLDEEYFKKIEAIEFAVKYDDGRDARGILKADIVLIGISRTSKTPLSQYLAHNKRLKVANVPLVPEVDPPEELYQVAKEKCFGLKITPEKLNHIRKERLKSLGLSDGATYANINRIKEEIDHFENVVSKINCQVIDVSNKAIEETANIIVNAVQNQKMF","positive"
"MDNKIVYVVSDSVGETADLVVRAAMGQFPFAPDIRRVPYVEDTGTLKEVISIAKSNQALICFTLVKPDMRQYLVTEAAKEGVEAYDIIGPLIDQIEEITGQVPRYEPGVVRRLDEEYFKKIEAIEFAVKYDDGRDARGILKADIVLIGISRTSKTPLSQYLAHNKRLKVANVPLVPEVDPPEELYQVAKEKCFGLKITPEKLNHIRKERLKSLGLSDGATYANINRIKEEIDHFENVVSKINCQVIDVSNKAIEETANIIVNAVQNQKMF","positive"
"MSNRTIYVVSDSVGETAELVVKAAISQFNGSSEQTNIRRIPYVEDRGTIKEVISLAEADGGIICFTLVVPEIREFLIAEAEKANVVYYDIIGPLIEKMESVYGFSAKYEPGRVRQLDEDYFKKVEAIEFAVKYDDGRDPRGILKADIVLIGVSRTSKTPLSQYLAHKRLKVANVPIVPEVDPPEELFTVDPAKCIGLKISPDKLNHIRKERLKSLGLNDKAIYANINRIKEELEFFEKIVGRIGCNVVDVSNKAVEETANIIHNMMTKRV","positive"
"MNNRIIYVVSDSVGETAELVVKAALSQFNGSADDTHVRRIPYVEDIGTINEVISLAKADGGIICFTLVVPEIREYLIAEAEKANVLYYDIIGPLIDKMETAYGLTAKYEPGRVRQLDEDYFKKVEAIEFAVKYDDGRDPRGILKADIVLIGVSRTSKTPLSQYLAHKRLKVANVPIVPEVDPPEELFNVDPKKCIGLKISPDKLNHIRKERLKSLGLNDKAIYANINRIKEELEYFEKIVDRIGCQVVDVSNKAVEETANIIHHLKTKNI","positive"
"MKREKKSFHLHMLSDATGETLISVGRAVASQYTMSQATEHIYPMIRNKTQLQRALDEIQQEPGIVLYTIIDKKIKILLRKRCEKIEIPCIDILHPVLNAFKSYLGIPTNLRVSAQHGLNADYFRRIEALDFTIEHDDGQSPNSLSDADVILVGISRTSKTPTSIYLANRGIKTANVPLIPGINLPDTLLGAKNALIIGLIASVERISHIRQNRNLGDDFSLESYTDRINISEELTYAKRICERFSWPVIDVTRRSIEETAAEIFELLSRFREGK","positive"
"MDGDNKTYTIYILSDSTGETAATMIRAALVQYTTKDVNIIRCKNVRTDTQAEAVIEECFERRGMLAYTVASQGLRAKIREMASGKGIPYFDLLGPLLSTLDTFFGQHSEDTVGALRAVDERYFKRIEAIEYTVKHDDGKTFAELDKADIVLVGISRTSKTPLSIFLSHKGWKVANVPLVLDTPLPEELFKIDQRRIVGLIIDMDSLQRIRKSRLEKFGQDPGGSYASMSHIAKEIEYAEKIFKVNRRWPVFNVTERALEETASEIVRIIAARLGLPDSVIF","positive"
"MPTTGNYFHLHLVSDSTGETLITVARAVAAQYANVTPVEHVYPLVRSQKQLDRVLDEIEEAPGIVLFTLLEKDLVSRLEAKCQQINIPSLSIIGPVMQLFEAYLGASTAGRVGAQHVLNAEYFARIDALNYTMLHDDGQMVDGLEDADVVLVGVSRTSKTPTSIYLANRGVRTANVPLVPGIPIPHQLETLKKPLVVSLHATPERLIQVRQNRLLSMGAESGNETYVDKQSVTDEVAYARKLSARFNWVMLDVTRRSIEETAAAILKLYTDRQRQRLPE","positive"
"MTRPLSYFHLHLISDATGETLLAAGRAAAAQYANARAIEHIYPLIRTEKQLRKVLEGIDAEPGIVLYTVVDQKLAAIIDESCADMGVPSVSVLEPVLNTFQSYLGAPAHRRASAQHVLNADYFRRIDALNFMMEHDDGQLPLDIEEADVIIVGISRTSKTPTSIYLANRGIKAANVPLVLGIPVPEILFAAKRPLIVGLVATAERISQIRQNRPLGNIPSLDTGLYTDRVSISEELAYARNLCNRHGWPIIDVSRRSIEETAAAILALLRNGKKEGSSS","positive"
"MTRPLSYFHLHLISDATGETLLAAGRAAAAQYANARAIEHIYPLIRTEKQLRKVLEGIDAEPGIVLYTVVDQKLAAIIDESCADMGVPSVSVLEPVLNTFQSYLGAPAHRRASAQHVLNADYFRRIDALNFMMEHDDGQLPLDIEEADVIIVGISRTSKTPTSIYLANRGIKAANVPLVLGIPVPEILFAAKRPLIVGLVATAERISQIRQNRPLGNIPSLDTGLYTDRVSISEELAYARNLCNRHGWPIIDVSRRSIEETAAAILALLRNGKKEGSSS","positive"
"MTRPLSYFHLHLISDATGETLLAAGRAAAAQYANARAIEHIYPLIRTEKQLRKVLEGIDAEPGIVLYTVVDQKLAAIIDESCADMGVPSVSVLEPVLNTFQSYLGAPAHRRASAQHVLNADYFRRIDALNFMMEHDDGQLPLDIEEADVIIVGISRTSKTPTSIYLANRGIKAANVPLVLGIPVPEILFAAKRPLIVGLVATAERISQIRQNRPLGNIPSLDTGLYTDRVSISEELAYARNLCNRHGWPIIDVSRRSIEETAAAILALLRNGKKEGSSS","positive"
"MAINLKLEQIPVVYILSDSIGETGEVVAKAAASQFDSGRVDIRRVPYLSSVREVEEALQEAESAGALVVYTLVRPDLKEYLEKRAHELSLPHVDIMGPMLEGLKQITKQNPKYQPGLIRKMDEAYFSKVEAIEFAVKYDDGKEPRGLLRADLVVIGVSRTSKTPLCMYLAHKGIKAANVPLVPEATPPEELFKIPPHKVVGLTIKPSILFEIRKERLKTLGLSQTADYANMERILMELDYALGIMKKIGCAVIDVSNKAVEETAARVLEIYRKGVGR","positive"
"MMELSRTPAVMRLLEYAREKKAITHDEVENILAHYGVETEELLHDVLDMLEQENIKVFSSEEEELEDEVFAGLKGPAADDGDGSFPLSTERVRDKLCDSSRGARQNLLSNARNIALDDPVKLYLRDIGQEKLLTAEQEVMLSKRMEEGEGIIKDIITQSGLLLPEFYHIGRSLSKKALAVLDPAESGRTRKEISEEMADRRRLKQAYGEVLRSLYPEMRHYMAMKKRLDERGEPVTVLSSDEEVCKQRDKLLSCLQKVDLQLEEIDRFSRKFLDTARKIREYKRRKDRHEKQLMIADLCDMRKIGRGLAVPRQRAKLEETLGMSADCIQEIYTQIQKVTRRLRRIEYDFENTIDGILSMARAIHRGHVMLKKAKDKLINANLRLVVSIAKKYTNRGLLFFDLVQEGNIGLIKAVEKFEYRKGYKFSTYATWWIRQAITRSISDQARTIRVPVHMIEQINKVTRESRQLLQKFGREPSDEEIAQQLCWTVEKVKQVKSVAREPISLETPIGEEEDSSLGDFVPDADVENPSRVTERVLLKEEVRSILSALPAREHEVLRMRFGLDGDYSQTLEEVGLYFDVTRERIRQIEAKALKRLRHPRHSRRLKDFLDS","positive"
"MANERPAQQSDIKLLISKGLEQGYLTYAEVNDHLPDDLVDPEQIEDIISMINGMGIDVHEVAPDAETLLLNDGNTGNREVDDTAAEEAAAALTALDTEGGRTTDPVRMYMREMGTVELLTREGEIAIAKRIEEGLSQVQAALGVFPLSTEMLLADYEAHKEGKKRLAEIVVGFNDLIEEADAAAAALAAAGPVAVSDDEAVDEDDDEDGDDEAAEEEAGPTGPDPVEVATRMENLANEYAKFKKVYAKNGAEHKLVVKAREDMAAIFTTLKLPLPLTDALVTQLRGVVNGIKDHERKVLHLATTVARMPRKDFIRSWEGNQTNLEWVEDALKRKQKWSSALRDVKDQIISEQQGSIEMEKANYLTLGEIKEISRAMAYGEAKARKAKKEMVEANLRLVISIAKKYTNRGLQFLDLIQEGNIGLMKAVDKFEYRRGYKFSTYATWWIRQAITRSIADQARTIRIPVHMIETINKLNRISRQMLQQFGREATPEELAKEMDMPEDKIRKVMKIAKEPISMETPIGDDEDSHLGDFIEDTNVESPIDNTTNINLSETVRDVLAGLTPREAKVLRMRFGIDMNTDHTLEEVGKQFDVTRERIRQIEAKALRKLRHPSRSEQLRSFLDID","positive"
"MANERPAQQSDIKLLISKGLEQGYLTYAEVNDHLPDDLVDPEQIEDIISMINGMGIDVHEVAPDAETLLLNDGNTGNREVDDTAAEEAAAALTALDTEGGRTTDPVRMYMREMGTVELLTREGEIAIAKRIEEGLSQVQAALGTFPLSTELLLSDYEAHKEGKKRLAEIVVGFNDLIEEADAAAAALAAAGPVAVDEDAVDEDADEDGDDDAAEEEAGPTGPDPVEVATRMENLANEYAKFKKAYVKYGAEHKNVAKAREDMAAIFTTLKLPLPLTDALVTQLRGVVNGIKDHERKVLHLATTVARMPRKDFIRSWEGNQTNLEWVEDALKRKQKWSSALRDVKDQIVSEQQGSIEMEKANYLTLAEIKDISRAMAYGEAKARKAKKEMVEANLRLVISIAKKYTNRGLQFLDLIQEGNIGLMKAVDKFEYRRGYKFSTYATWWIRQAITRSIADQARTIRIPVHMIETINKLNRISRQMLQQFGREATPEELAKEMDMPEDKIRKVMKIAKEPISMETPIGDDEDSHLGDFIEDTNVESPIDNTTNINLSETVRDVLAGLTPREAKVLRMRFGIDMNTDHTLEEVGKQFDVTRERIRQIEAKALRKLRHPSRSEQLRSFLDID","positive"
"MSNERTAQQSDIKQLISKGLEQGYLTYAEVNDHLPEDLVDPDQIEDIIGMINGMGIEVHEVAPDAETLLLNEGNTGNREVDDTAAEEAAAALSALDTEAGRTTDPVRMYMREMGTVELLTREGEIAIAKRIEEGLSEVQAALGVFPLSTELLLSEYELHKEGKRRLTEVVVGFNDLIEEDNSVTSSVDVTDESIVEVDEEDDDSVGNDEDAPTIGPDPAEVASRIESLSTEYAKFKKLYAKHGPEHKAVIKVREDVAAIFVTFKLSLPLTDLLVQQLQNMVNSVKDHERKVLHLATNVAKMPRKDFIRSWENNQTNLEWVEDAIKRKQKWSSALRDIKDQITAEQQASIDLEKANSLTLADIKEINRMMVYGEAKASKAKKEMVEANLRLVISIAKKYTNRGLQFLDLIQEGNIGLMKAVCKFEHRRGFKFSTYATWWIRQAITRSIADQARTIRIPVHMIETINKLNRISRQMLQQFGREATPEELAKEMDMPEDKIRKVMKIAKEPISMETPIGDDEDSHLGDFIEDPNVESPVDTTTNVNLSETVREVLAGLTPREAKVLRMRFGIDMNTDHTLEEVGKQFDVTRERIRQIEAKALRKLRHPSRSEQLRSFLDID","positive"
"MSNERTAQQSDIKQLISKGLEQGYLTYAEVNDHLPEDLVDPDQIEDIIGMINGMGIEVHEVAPDAETLLLNEGNTGNREVDDTAAEEAAAALSALDTEAGRTTDPVRMYMREMGTVELLTREGEIAIAKRIEEGLSEVQAALGAFPLSTELLLSEYELHKEGKRRLTEVVVGFNDLIEEDNSVTSSVDVTDESIVEVDEEDDDSVGNDEDAPMIGPDPAEVASRIESLSTEYAKFKKLYAKHGPEHKAVIKVREDVAAIFVTFKLSLPLTDLLVQQLQNMVNSVKDHERKVLHLATNVAKMPRKDFIRSWENNQTNLEWVEDAIKRKQKWSSALRDIKDQITAEQQASIDLEKVNSLTLADIKEINRMMVYGEAKASKAKKEMVEANLRLVISIAKKYTNRGLQFLDLIQEGNIGLMKAVCKFEHRRGFKFSTYATWWIRQAITRSIADQARTIRIPVHMIETINKLNRISRQMLQQFGREATPEELAKEMDMPEDKIRKVMKIAKEPISMETPIGDDEDSHLGDFIEDPNVESPVDTTTNVNLSETVREVLAGLTPREAKVLRMRFGIDMNTDHTLEEVGKQFDVTRERIRQIEAKALRKLRHPSRSEQLRSFLDID","positive"
"MKTKTTKKTIKKAAKKIKKPSKRKIKKTAKKSRPKKPIKASDHGLIFAKTKKETTEKEDAELANAKAKTKKRRETRSSDPTQIYLRELGFQPLLNAKEELKIARRVHKGDPKARKQMIEANLRLVVKIARHYVNRGLPFLDLIEEGNLGLLTAVEKFDPERGFRFSTYATWWIRQTIERAIMNQSRTVRLPIHVIKELNVYLRTAKKLTQEVDHEATPEDVAHLIDKPVQEIRRIMDLAPSATSIDVPISEDGQKSLVDTLADDNNIDPARLIQNVDLQDHIERWLAQLDERHREVVILRFGLHENEKGTLEAVGKAVGLTRERVRQIQIDALQQLRHILEMEGVTGEEVED","positive"
"MSQNTLKVHDLNEDAEFDENGVEVFDEKALVEQEPSDNDLAEEELLSQGATQRVLDATQLYLGEIGYSPLLTAEEEVYFARRALRGDVASRRRMIESNLRLVVKIARRYGNRGLALLDLIEEGNLGLIRAVEKFDPERGFRFSTYATWWIRQTIERAIMNQTRTIRLPIHIVKELNVYLRTARELSHKLDHEPSAEEIAEQLDKPVDDVSRMLRLNERITSVDTPLGGDSEKALLDILADEKENGPEDTTQDDDMKQSIVKWLFELNAKQREVLARRFGLLGYEAATLEDVGREIGLTRERVRQIQVEGLRRLREILQTQGLNIEALFRE","positive"
"MALKKEGPEFDHDDEVLLLEPGIMLDESSADEQPSPRATPKATTSFSSKQHKHIDYTRALDATQLYLNEIGFSPLLTPEEEVHFARLAQKGDPAGRKRMIESNLRLVVKIARRYVNRGLSLLDLIEEGNLGLIRAVEKFDPERGFRFSTYATWWIRQTIERAIMNQTRTIRLPIHVVKELNVYLRAARELTHKLDHEPSPEEIANLLEKPVAEVKRMLGLNERVTSVDVSLGPDSDKTLLDTLTDDRPTDPCELLQDDDLSESIDQWLTELTDKQREVVIRRFGLRGHESSTLEEVGQEIGLTRERVRQIQVEALKRLREILEKNGLSSDALFQ","positive"
"MSQNTLKVHDLNEDAEFDENGVEAFDEKALSEEEPSDNDLAEEELLSQGATQRVLDATQLYLGEIGYSPLLTAEEEVYFARRALRGDVASRRRMIESNLRLVVKIARRYGNRGLALLDLIEEGNLGLIRAVEKFDPERGFRFSTYATWWIRQTIERAIMNQTRTIRLPIHIVKELNVYLRTARELSHKLDHEPSAEEIAEQLDKPVDDVSRMLRLNERITSVDTPLGGDSEKALLDILADEKENGPEDTTQDDDMKQSIVKWLFELNAKQREVLARRFGLLGYEAATLEDVGREIGLTRERVRQIQVEGLRRLREILQTQGLNIEALFRE","positive"
"MSQNTLKVHDLNEDAEFDENGVEAFDEKALSEEEPSDNDLAEEELLSQGATQRVLDATQLYLGEIGYSPLLTAEEEVYFARRALRGDVASRRRMIESNLRLVVKIARRYGNRGLALLDLIEEGNLGLIRAVEKFDPERGFRFSTYATWWIRQTIERAIMNQTRTIRLPIHIVKELNVYLRTARELSHKLDHEPSAEEIAEQLDKPVDDVSRMLRLNERITSVDTPLGGDSEKALLDILADEKENGPEDTTQDDDMKQSIVKWLFELNAKQREVLARRFGLLGYEAATLEDVGREIGLTRERVRQIQVEGLRRLREILQTQGLNIEALFRE","positive"
"MSQNTLKVHDLNEDAEFDENGVEAFDEKALSEEEPSDNDLAEEELLSQGATQRVLDATQLYLGEIGYSPLLTAEEEVYFARRALRGDVASRRRMIESNLRLVVKIARRYGNRGLALLDLIEEGNLGLIRAVEKFDPERGFRFSTYATWWIRQTIERAIMNQTRTIRLPIHIVKELNVYLRTARELSHKLDHEPSAEEIAEQLDKPVDDVSRMLRLNERITSVDTPLGGDSEKALLDILADEKENGPEDTTQDDDMKQSIVKWLFELNAKQREVLARRFGLLGYEAATLEDVGREIGLTRERVRQIQVEGLRRLREILQTQGLNIEALFRE","positive"
"MSQNTLKVHDLNEDAEFDENGVEVFDEKALVEEEPSDNDLAEEELLSQGATQRVLDATQLYLGEIGYSPLLTAEEEVYFARRALRGDVASRRRMIESNLRLVVKIARRYGNRGLALLDLIEEGNLGLIRAVEKFDPERGFRFSTYATWWIRQTIERAIMNQTRTIRLPIHIVKELNVYLRTARELSHKLDHEPSAEEIAEQLDKPVDDVSRMLRLNERITSVDTPLGGDSEKALLDILADEKENGPEDTTQDDDMKQSIVKWLFELNAKQREVLARRFGLLGYEAATLEDVGREIGLTRERVRQIQVEGLRRLREILQTQGLNIEALFRK","positive"
"MSVSNTVTKVEEFDFEDEALEVLETDAELTSDEELVAVEGASEDVREEFDASAKSLDATQMYLSEIGFSPLLTAEEEVLYARRALRGDEAARKRMIESNLRLVVKISRRYSNRGLALLDLIEEGNLGLIRAVEKFDPERGFRFSTYATWWIRQTIERALMNQTRTIRLPIHVVKELNIYLRTARELSQRLDHEPTPEEIALELDRPVDDVTKMLRLNERISSVDTPIGGDGDKALLDILPDSHNADPEFSTQDDDIRESLLNWLDELNPKQKEVLARRFGLLGYEPSTLEEVGREINLTRERVRQIQVEGLRRLREILVKQGLNMEALFNVEYDN","positive"
"MSQNTLKVNELHEDADFDENSTETEIFDEKALVEDEPTESELAEDELLAQGVTSGADATQLYLGEIGYSPLLTAEEEVYFARRALRGDVPSRRRMIESNLRLVVKIARRYSNRGLALLDLIEEGNLGLIRAVEKFDPERGFRFSTYATWWIRQTIERAIMNQTRTIRLPIHIVKELNVYLRTARELSHKLDHEPSAEEIAEQLDKPVDDVSRMLRLNERITSVDTPLGGDSEKALLDILSDENENGPEDTTQDDDMKQSIVKWLFELNAKQREVLARRFGLLGYEAATLEDVGREIGLTRERVRQIQVEGLRRLREILQAQGLSIEALFRE","positive"
"MTSPSDVEASTETVDRGSRRNQTNDNPSADLVRVYLNGIGKTALLNAEDEVELAQTIEVGLYAEYLLENSQEPLTRAMKRDLKVLVKEGRKARSHLLEANLRLVVSLAKRYTGRGMPLLDLIQEGNLGLIRAMEKFDYSKGFKFSTYATWWIRQAITRGMADQSRTIRLPVHLVEQVNKLSRIKREMYQQLGREATNEELAEESGIEESKIEMLLRQSRDPVSLDMPVGADEEAPLGDFIEDSEATDAESAVVASLRHSDIRTVLDTLEQREQDVIRLRYGLDDGVPRTLDQIGRQFGLSRERVRQIEREVMSKLRDGARAEKLRAYAQ","positive"
"MPNSTSQVTKLKSKNNEFSYTADAVSIYLHKIGRVPLLSHEQEIFFAQQVQQMMVMFTAKEELAEKLQREPTLQEWADKMQLKEDVLLQQLSQGQIAKQKMIQANLRLVVSIAKKYQKRNLEFLDLIQEGALGLERGVEKFDPTLGYKFSTYAYWWIRQGITRAIAQQSRTIRLPIHMADKLNKIKCVQRELSQKLGYIAGVTEIAQALNLEPSQIREYLQLVRQPVSLDMRIGFEQDTQLQDLLKDDGMSPERYAERELLYQDIHNLLAKLTPQQKEVLILRFGLAGGCELTLVQISQRMGISRERVRQVEKQALTLLRRYGIDSRSYLAD","positive"
"MQISNDPSSHSGSLTMYLSEINQYGLLSVEEEQALARKFVKGDLAAGHRLVTSNLRFVVKVSYEYRSYGIKMSDLIQEGNIGLMKAVQKFDPDKGIRLISYAVWWIRAYIQNYILKSWSLVKLGTTQAQRKLFFSLARTRRELEKFGAGDGAVVNVDEIANKLNVKASEVREMEQRMGGRDLSLDAPMGEDGGNSHVDFVASAAAPQDDEFADKEEAGLINSRVHMALMRLDPRERFIIEQRVMNERPMTLKELGEHFGFSRERARQLEIRAKDKLKAELAALLAEVDPDAAAALQ","positive"
"MQASNSFSSPDSLSTYLSEINQYPLLTQPQEQELSKRFRAGDLAAGHQLVTANLRFVVKVAYEYRSYGLKMSDLIQEANIGLMKAVQKFDPDKGIRLISYAVWWIRAYIQNCILKNWSLVKLGTTQAQRRLFFSLARTRRELEKMGAGDANVVNAEEIARKLNVKASEVREMEQRMGGRDLSLDAPMGEDGDATHLDFVESESVSAVDEVADRQQANLTRELVQRALRRLDPRERFIIEQRVMGDAEMTLSELGEHFGFSRERARQLEIRAKDKLKLALVTLMAEAGVDESTLNA","positive"
"MPATSFYADAAYNTQKSRQALDPDIAIDDSDLSVDEIQELEIAAADPATFGASANRRSTDLVRLYLQEIGRVRLLGRDEEVSEAQKVQRYLKLRIVLANAVKQGDEVATPYLHLIEVQERLASELGHRPSLERWAATAGINLCDLKPILSEGKRRWAEIAKMTVEELEKMQSQGLQSKEHMIKANLRLVVSVAKKYQNRGLELLDLVQEGTLGLERAVEKFDPTKGYRFSTYAYWWIRQGITRAIATSSRTIRLPVHITEKLNKIKKAQRKIAQEKGRTPTLEDLAIELDMTPTQVREVLLRVPRSVSLETKVGKDKDTELGELLETDGVTPEEMLMRESLQRDLQHLLADLTSRERDVILMRFGLADGHPYSLAEIGRALDLSRERVRQIESKALQKLRQPKRRNLIRDYLESLS","positive"
"MTKPSNDEPPLTNVRDLEAMLPLEEEDLTADSQDLEYTAVAHRQQFSTDLVRLYLQDIGRIPLLKRDEEVHIAQQVQSYLRLVEIQNRAAESDAAIDQYQTAIAVHDQLLVQLGHRPSYERWAKILGQTVATLKQTLKSGKKRWAELAGLTVEELENIEKQGITAKAHMIKANLRLVVSVAKKYQNRGLELLDLIQEGTLGLERAVEKFDPTKGYRFSTYSYWWIRQGITRAIATQSRMIRLPVHITEKLNKIKRAQRKISQEKGHTPKIDEVAEELGMTPEQVREVLTQVPRSVSLELKVGQDKDTELMDLLETDTQSPEDELMREALQNDMQEILLDLTPREQEVIALRFGFQDGVAHSLSEIGRILNLSRERVRQIEAKALQKLRHPRRRDRIRDYYENLG","positive"
"MSQKVLPTKINLIQFRRQLRLITVIKRLLENKREVLLLYLRTYASEYEKIYNEVNEEMKKVYESYLQAVASEGISNIEEIALSQKPSLEVSSSIKVIFGVKVPTIKLDKSTIPPKPFSDVETSPYLSESYEEMTEALNKIIELVELESTIRSLVSELRKTQRLINSIDNYILPFYRGSIKFIKQILEDRQREEFSRLKIIRRILQRRRESGSG","negative"
"MKKITSFTIDHTKLNPGIYVSRKDTFENVIFTTIDIRIKAPNIEPIIENAAIHTIEHIGATLLRNNEVWTEKIVYFGPMGCRTGFYLIIFGDYESKDLVDLVSWLFSEIVNFSEPIPGASDKECGNYKEHNLDMAKYESSKYLQILNNIKEENLKYP","negative"
"MARFYRRRKFCRFTAEGITHIDYKDVELLKQYISDNGKIVPSRITGTSTKYQRQLATAIKQARYLSLLPYTDNHQG","negative"
"MSLIGRLNLGRRFCTAVPRRSEDIMSNPDCRPSDLCLRVSYLIRCVGDLDTAAKYARLAVFTSIKSESTTTICQSIIGGMLRDKRLKDAYDLYEFFFNQHNLRPNSHCWNYIIESGFQQGLVNDALHFHHRCINSGQVHDYPSDDSFRILTKGLVHSGRLDQAEAFLRGRTVNRTTYPDHVAYNNLIRGFLDLGNFKKANLVLGEFKRLFLIALSETKDDLHHSNYENRVAFLMATFMEYWFKQGKQVEAMECYNRCVLSNRLLVCAETGNALLKVLLKYGEKKNAWALYHELLDKNGTGKGCLDSDTIKIMVDECFDMGWFSEAMETYKKARPKNDYLSDKYIITRFCENRMLSEAESVFVDSLADDFGYIDVNTYKTMIDAYVKAGRIHDAIKTSNKMIDATLKEVSHLF","negative"
"MEPNTVIPKYNVRGFEIWGFRDMAQVLDHLLGSGPVKTGTLVAMNAEKLLKAEDDTALCELIKNAEYLYADGISMVRAIRRKYPQAELSRVAGADLWEALMQRAGQQGTPVFLVGGKPDVLAETEAKLRAQWNVNLVGSQDGYFTPEQREALFARIAASGAAIVTVAMGSPKQEIFMRDCRKFYPDALYMGVGGTYDVFTGHVKRAPKIWQNMGLEWLYRLLAQPSRIRRQLKLLKFVGYYYSGRL","negative"
"MSLKMDNRDVAGKANRWFGMAQPKSGKMNMNILHQEELIAQKKREIEARMEQKARQSHVPSPQPPHPGEIADAHNSCISNKFANDGSFLQQFLKLQKAQTSTDSAPRAPPSMPTPSSLKKPLVLSKRTGLGLSSPTGPVKNYSHAKQLPVAHRPSVFQSPDDDEEEDYEQWLEIKVSPPEGAETRRVIEKLARFVAEGGPELEKVAMEDYKDNPAFTFLHDKNSREFLYYRRKVAEIRKEAQKPQAATQKVSPPEDEEAKNLAEKLARFIADGGPEVETIALQNNRENQAFSFLYDPNSQGYRYYRQKLDEFRKAKAGSTGSFPAPAPNPSLRRKSAPEALSGAVPPITACPTPVAPAPAVNPTPSIPGKPTATAAVKRKRKSRWGPEEDKVELPPAELAQRDIDASPSPLSVQDLKGLGYEKGKPVGLVGVTELSDAQKKQLKEQQEMQQMYDMIMQHKRAMQDMQLLWEKALQQHQHGYDSDEEVDSELGTWEHQLRRMEMDKTREWAEQLTQMGRGKHFIGDFLPPDELEKFMETFKALKEGREPDYSEYKEFKLTVENIGYQMLMKMGWKEGEGLGTEGQGIKNPVNKGATTIDGAGFGIDRPAELSKEDDEYEAFRKRMMLAYRFRPNPLNNPRRPYY","negative"
"MKILVDENMPYAEELFRRLGDVQAVPGRPIPRDALVDADALMVRSVTKVNEALLHGTSIGFVGTATAGTDHVDDTWLRQQGIGFSAAPGCNAIAVVEYVFSALMMMAERDGFQLRDKTVGIIGVGNVGSRLNARLQALGVRTLLCDPPRADRGDNEAFWPLEKLVREADVLTFHTPLNKTGAYQSLHMADDELLAALPDGRILINACRGAVVDNAALLRALEKGKKLSVVLDVWEPEPDLSLPLLARVDIGTPHIAGYTLEGKARGTTQVFEAFSQHLGQPQSVELASLLPVPEFSHLRLNGELDEGKLKRLMHLVYDVRRDDAPLRHVAGLPGEFDRLRKHYQERREWSSLCVQCDDATSAGLLQQLGFTTQLL","negative"
"MSPMLQIAAEEMENPLIPPIPELVIGLIAFVIVFGFLAKKLLPNINKVLEERREAIEGGIEKAEAAQTEAQSVLEQYKAQLAEARHEAARLRQEAQEQGATLIAEMRAEGQRQREEIIAAGHAQIQADRKAAASALRQDVGKLATELAGKLVGESLEDHARQSRVIDRFLDELDDKATTAEATR","negative"
"MEAVVDTNNFVLLLWSGAQLPKDIEAVVGSLTKKVGPNGKVSLEHSDRLHIASHAMSSFDVVLSGVCESPSLIHSMELLSKLAKLLKPDGKLILREPVGSNDSRSPEKIISTLKLSGFVSISQANEVKPSIVEISAQKPSFEVGAKTALSLSFAPKPAQPKAETSAAQIWTLSAQDIDDEDVDLLDSDTLLDEDDLKKPDPLSLKAACGPGSGKKKACKNCTCGLAEQENGDATEKKSVTSSCGSCYLGDAFRCSTCPYLGMPAFKPGEKIALTDRQLKGDL","negative"
"MEKRTSYCGELNEAHIGQSVVLHGWVQKRRDLGGLIFIDLRDREGIVQVVFNPEFSKEALEIADSVRNEFVVTIKGTVHARGEKAINEKLATGKVEVLAEEITILNTSKTPPFYIEDGVNVSDELRLKYRYLDLRRPEMNNIFKMRHTVTRTFRNKLDALGFFDIETPYLTKSTPEGARDYLVPSRVYPGNFYALPQSPQILKQLLMTAGFDKYYQIVRCFRDEDLRGDRQPEFTQIDLETSFLTKEEIQAITEDMLVDVVKEAKNITIDKPFPRMTYKEAMDRFGSDKPDIRFGLELQNVSDVVKDVDFKVFQSAIENGGEVKAINAKSAAANFSRKDLDALGVFVANYGAKGLAWLKVEASELKGPIAKFFPEDKAADLKAALQAEDGDLLLFAADKADIVAASLGALRNKLGKDLNLINEEELAFLWVTDWPLFEYDEEAGRYVSAHHPFTLPKEEDIPLLETDSSKVMAEAYDIVLNGYEIGGGSLRIYKKEVQESMFRALGFTDESAKEQFGFLMDALEYGTPPHGGIALGLDRIVMILAGRNNLRDTIAFPKTGSAVDPLTNAPGEVSAAQLAELKLETVKKETN","negative"
"MSMFLDTAKISVQAGRGGDGMVAFRREKYVPNGGPWGGDGGKGGSVIFRVDEGLRTLMDFRYNRKFKAKSGEKGMTKGMHGRGAEDLIVFVPQGTTVRDAETGKVITDLVEHGQEVVIAKGGRGGRGNIRFATPRNPAPEIAENGEPGEERQLELELKILADVGLVGFPSVGKSTLLSVVSSAKPKIGAYHFTTIVPNLGMVRTKSGDSFAMADLPGLIEGASQGVGLGTQFLRHIERTRVILHVIDMSASEGRDPYEDYVSINNELETYNLRLMERPQIIVANKMDMPEAQDNLKAFKKKLATQYDEFNDLPMIFSISSLAHQGLENLLEATAELLAKTDEFLLYDESDLVDEEAYYGFAEAEKEFEITRDDDATWVLSGEKLERLFVMTNMERDESIMKFARQLRGMGVDEALRERGAKDGDLVRIGKFEFEFVD","negative"
"MQKSEGFRSKTRYKLQKHPRQKGMAPLTRALKCYTEGDRVHVVLDPSVQKGMPHPKFHGKTGVIVAQRGRSFLVRVKDGGKYKDIIARPQHLRESKL","negative"
"MECGGALQLPPGFRFHPTDDELVMYYLCRKCGGLPLAAPVIAEVDLYKFNPWDLPERAMGGEKEWYFFSPRDRKYPNGQRPNRAAGTGYWKATGADKPVGSPRAVAIKKALVFYAGKPPKGVKTNWIMHEYRLADVDRSAAARKLSKSSHNALRLDDWVLCRIYNKKGVIERYDTVDAGEDVKPAAAAAAAKGGRIGGGGGAAAMKVELSDYGFYDQEPESEMLCFDRSGSADRDSMPRLHTDSSGSEHVLSPSPSPDDFPGGGDHDYAESQPSGGCGGWPGVDWAAVGDDGFVIDSSLFELPSPAAFSRAAGDGAAFGDMFTYLQKPF","negative"
"MPTIKQLIRNTRQPIRNVTKSPALRGCPQRRGTCTRVYTITPKKPNSALRKVARVRLTSGFEITAYIPGIGHNSQEHSVVLVRGGRVKDLPGVRYHIVRGTLDAVGVKDRQQGRSKYGVKKPK","negative"
"MPLEGIKNIILILSGKGGVGKSSVTLQLALALTLQGKSVGVLDIDLTGPSIPRLVGLEGAKITQSSNGWVPVPVHEAEAQTASGNDAAVALSDDGGDENKDVERAKPRGSLRCMSLGFLLRDRGDAVIWRGPKKTAMIRQFLTDVYWGDTDYLLVDTPPGTSDEHIALAEELLKLSTTSPSSTGVGALPRLTGAVLVTTPQAIATSDVRKEVNFCVKTNIPTLGVIENMSGYTCPCCGEVSNLFSSGGGEVMAREMGVRFLGKVPVDVQFGALVEGKSQEESDDEDEDRERNKVEEEKGQDFVDERPLVERYKECWSYGQFEGFAKTLIGEIEG","negative"
"MNLNYQYAGLIPILPVFPSIFIGIGLMSFRKSFRNLRKFVGSMSIAFMFLTLILSLLFFNDQLSESYSYRFLFPWLSTKNLTLDIGYLIDPLTSIMLVLVTSVAVTVMIYSDGYMLHDQGYIRFFAYLSLFTASMLGLIVSPNLIQVYVFWELIGMCSYLLVGFWSTRPTAASACQKAFITNRVGDFGLLLGILGFYWLTGSFQFDIIQDRLNELLLTNNLNFTLFIISSVLLFLGPIAKSAQFPLHIWLPDAMEGPTPISALIHAATMVAAGIFLVARLLPIFQLSPLLMILIAFTGAITALLGACLAVAQTDLKRGLAYSTMSQLGYMMLGLGIGGYQAAIFHLITHAYSKALLFLGSGSVIHSMEPVVGYDPNKSQNIDYMGGLRKYMPITGVTFLIGTLSLCGIPPFACFWSKDEIIADAFFHLPLLGFIAWLTAGLTGFYMFRLYLLTFEGEFRAHKNLKSSSLEYPHESSFSMTLPLILLMFPTIFIGFLGLPYNLGFIQSQILSTWLVGPSIDLNSSSNWIDFFKTSATSVGIAFLGICFSFLLYSPKNASNRDFNQISNPVPKGFLSSYVKSFYNWSLNRAYIDKFYELTWIKWCGIFAQFTSYLDRWFFDGFVNGVGLLTLISGEALRYGENGKVSSYLFVILFSFILLILLGNFNSVFYF","negative"
"MEGLGIVFLAAVVLLFVFLFFSFIPVGLWISAWAAGVRVPLLTLVAMRLRRVPPAKIIYPLIKATKAGLDVRLDRLEAHYLAGGNVDRVVDALIAADKAGIKLTFDRAAAIDLAGRDVLEAVRVSVNPKVIQTPMVAAVAKDGIQLLATARVTVRANIDRLVGGAGEETIIARVGEGIVTTIGSANSHKEVLENPDRISKTVLEKGLDAGTAFEILSVDIADVDVGKNIGAQLQIDQAEADKKIAQAKAEERRAMAVAAEQENRALVEAMRAKLVEAQAQVPLALAEALRKGHLGVMDYYRLKNIEADTDMRESISRAAKPEGEE","negative"
"MSEATTTLDGWYCLHDLRSIDWAAWKTLSSDERGQAVSEFLNVVEKWNDVAAAKKGSHAMYTVVGQKADIMLMILRPTMEELNEIETELNKTTLAEYMVPAYSYVSVVELSNYLPADEDPYQNPQILARLYPELPKANHICFYPMDKRRQGDDNWYMLPMEERKKMMYSHSKIGRQYAGKVRQVISGSVGFDDFEWGVTLFADDVLQFKKLIYEMRFDEVSARYGEFGTFFVGNILPDEKVEKFLHI","negative"
"MNNTIINSLIGGDDSIKRSNVFAVDSQIPTLYMPQYISLSGVMTNNGPDNQTIASFEIRDQYITALNHLVLSLELPEVKGMGRFGYVPYVGYKCINHVSVSSCNGVIWEIEGEELYNNCINNTIALKHSGYSSELNDISIGLTPNDTIKEPSTVYVYIKTPFDVEDTFSSLKLSDSKITVTVTFNPVSDIVIRDSSFDFETFNKEFVYVPELSFIGYMVKNVQIKPSFIEKPRRVIGQINQPTATVTEVHAATSLSVYTKPYYGNTDNKFISYPGYSQDEKDYIDAYVSRLLDDLVIVSDGPPTGYPESAEIVEVPEDGIVSIQDADVYVKIDNVPDNMSVYLHTNLLMFGTRKNSFIYNISKKFSAITGTYSDATKRTVFAHISHSINIIDTSIPVSLWTSQRNVYNGDNRSAESKAKDLFINDPFIKGIDFKNKTDIISRLEVRFGNDVLYSENGPISRIYNELLTKSNNGTRTLTFNFTPKIFFRPTTITANVSRGKDKLSVRVVYSTMDVNHPIYYVQKQLVVVCNDLYKVSYDQGVSITKIMGDNN","negative"
"MAQYGNQDQMRKTDEYGNHVQETGVYQGTGTGGMMGGTGTGGMMGGTGGEYGTQGMGTGTHHHEGQQQLRRSDSSSSSEDDGEGGRRKKGLKEKIMEKMPGQHEGEYGQTTGEEKKGMMDKIKDKIPGMH","negative"
"MNNVFEIINQARRKNKLKRELQDNQKKIRDNQKRVTLLENMLDYIHPTMTTAEVIAVVENMKADYEDRVDDHIIKSAEISKSRRDISRKIRELTEADKKANK","negative"
"MATTHLDVCAVVPAAGFGRRMQTECPKQYLSIGNQTILEHSVHALLAHPRVTRVVIAISPGDSRFAKLPLANHPQITVVDGGDERADSVLAGLKAAGDAQWVLVHDAARPCLHQDDLARLLALSETSRTGGILAAPVRDTMKRAEPGKNAIAHTVDRNGLWHALTPQFFPRELLHDCLTRALNEGATITDEASALEYCGFHPQLVEGRADNIKVTRPEDLALAEFYLTRTIHQENT","negative"
"MLKEFEIEPLLKDKAPHQTKAVVAMSGGVDSSVAAALLHNLGYKVVGVTLQLYGTDGNANARKGACCAGQDIYDAKRVAESVGFPHYLLNYEEIFKKEVIEDFASTYMRGETPIPCVRCNQTVKFRDLLQVTKNLGADVLVTGHYVRRLEKNGEVKLCRSIDKSKDQSYFLFATTQEQLKLLRFPLGGFYKSDIRKLAKYFSLQISEKQDSQDICFVSESYSKTIAKLAPQSVQKGKIVDVNGKVLGEHSGIVNFTVGQRKGLGIAHNEPLYVIKINTENNEVIVGPINVLMQKKILIKELNWLEQPKEGMEVTVKLRSSHVGSLATIHSTDEKNKACVILNDDYFGISPGQACVAYKDEQVIGGGWICS","negative"
"MTDTTTTTTTDANKLVLEKSANSSGLEVDLHPLVLINISDHFTRTKVQSNYQDNCRVIGVILGVQNGRNVEICNSFEMVYATVDKQLVLDIEYLRKKYEQLFPLYDLLGWYSTGSQVSKDDILLHKQISEHNESPLYLMLDTDSPKSKDLPVIIYESELHIVNDEPTTIFVKTPYKIQTGEAERIGVNHIAKVTPSGSEGSGLTSHLFTMHNAISMLNIRVKALSDYLQAVKEKRLPYEQNILRKASSLCNQLPTIDTHDFKKSYLQEYNDVLLVTYLASITKTSASLNDTIDKYLVSNEKQSKRRFYQ","negative"
"MRNWRWLLLVLAALLSWLQHRFWFGPGNSGEVRMLQVQIVQQHQENERLRQRNASLAAEVKNLKDGDAAIEERARSELGMIKPGEIFYRVVEDIPTPLPNDTSADHGVDLAQPRREKR","negative"
"MELFQAKDHYILQQGERALWCSRRDGGLQLRPATDLLLAWNPICLGLVEGVIGKIQLHSDLPWWLILIRQKALVGKLPGDHEVCKVTKIAVLSLSEMEPQELELELCKKHHFGINKPEKIIPSPDDSKFLLKTFTNIKSNVSAPNKKKVKESKEKEKLERRLLEELLKMFMDSESFYYSLTYDLTNSVQRQSTGERDGRPLWQKVDDRFFWNKYMIQALTEIGTPDVDFWIIPIIQGFVQIEELVVNYNESSDDDKSSPETPPQDSTCVDDIHPRFLVALISRRSRHRAGMRYKRRGVDKNGNVANYVETEQLIHVHHHTLSFIQTRGSVPVFWSQVGYRYNPRPRLDKSEKETVDCFCAHFEEQLKIYKKQVIVNLVDQAGREKIIGDAYLKQVLLFNNPKLTYVSFDFHEHCRGMKFENVQTLTDAIHDIIIDMKWCWVDQAGVICKQEGIFRVNCMDCLDRTNVVQAAIARVVMEQQLKKLGVMPPEQPLPVKCNRTYQIMWANNGDSISRQYAGTAALKGDFTRTGERKLAGVMKDGVNSANRYYLSRFKDAYRQAVIDLMQGVPVTEDLYSIFTKEKEHEALHKESQRSHQELISQLLQSYMQLLLPGDEKFHGGWALVDCDPSLTDAAHRDVEVLLLLSNAAYYVAYYDDEVDKVNQYQRLGLEDLERIEIGPEPTLFGKPKFSCMRLHYRCKEAGGYFHTLRAVPRSPEEDGKDTLQCIAEMLQITKQAMGLDVPIIEKKLERKSSKPHEDIIGIRSQNQGSLAQGKSFLMSKFSSLNQKVKQTKSNVNIGNLRKLGNFTKPEMKVNFLKPNLKVNLWKSDSSLETMENPGVMGNKVQGESDGDISSDNDSYHSDEFLTNSKSEEDKQLANSLESVGPIDYILPSCGIIVSAPRLGSRSQSASSIDVSTHAPSEAAAGPGSELGKGLESPLKKSPSADSIHTRTGFTKPMDVYCQRFVQDAQNKMNDLSEIRSVAQKSEEGSHKTNRVSNEETQSEPMGQTPPRPSQLNVSCSVAGPPFLSVEPVHSVLSQKTPSSGSSLLELEAGLCVTPSSESSSSRAVSPFAKIRSSMVQVANITQAGLTHGINLAVAKVQKSPAEPEAVNEIQQNELKNMFTQCQTRIIQI","negative"
"MSQAGVKTKQAGKIVQIVGPVMDVAFQPGSMPNIYNALIVKGRNGAGQEVSVVCEVQQLLGDGLVRAVSMSATDGLMRGMEVTDTGRALSVPVGPTTLGRIFNVLGEPVDNMGPVGNEKTLPIHREAPAFVDLDTKLSIFETGIKVVDLLAPYRRGGKIGLFGGAGVGKTVLIMELINNIAKAHGGVSVFGGVGERTREGNDLYMEMCESKVINKADVKSSKVALVYGQMNEPPGARMRVGLTALTMAEYFRDVNNQDVLLFIDNIFRFVQAGSEVSALLGRMPSAVGYQPTLATEMGGLQERITSTKDGSITSIQAVYVPADDLTDPAPATTFAHLDATTVLSRNLAAKGIYPAVDPLDSTSTMLQPWILGDDHYGTAQRVKQTLQRYKELQDIIAILGLDELSEEDRMIVARARKIERFLSQPFFVAEVFTGAPGKYVPLAESIQGFKLILSGELDSLPESAFYLVGNIEEAIAKAASIQAAAAAAAAA","negative"
"MQVTVEKPETGLEHKINVTLPAGDLDSKVEQRLAQMRRTVKMDGFRPGKVPMSVVKKRYGGQVRQEMMGETVQQSFYDAVAKESLNIAGYPQFQELDEKDGHIVYSATFEVFPEVELPKFSSLKVETVTSEVTDKDVEKMVTRLREQKMAWKPANGNKKAKEGDQVIIDFVGKKDGEEFEGGKAEEVPLELGSGRMIPGFEDGIIGMKKNEEKTIEVTFPEDYQSDELKGQTVTFDITVHSVQTKVLPEIDEEFVKSFGIEEGTEEALVNEIRSNMEKELKRSVENKNRTAVLDALAEKVEVELPQAMVDQEASALMERQLEQFQQQGLKAEDIGLTAEAFKPEAEKRVKIGLVLGEVIKEYKIEATDEARQAFIQDQASSYEDPQEVIEWYAKNPQAQKEIDAILVEKEITNKILSEAKTKEVSKSFEEIVSPAA","negative"
"MYSILRRAAPLRRRAVSALAAAVLRREEAAAEVVVSRRATIPAAWFHSSPAWLGFRETGAAGAAARPQYAADEGLFYEEDKRGAKAGGVAAGGAEEGLEVAKLGISPKIVSQLASRGITKLFPIQRAVLEPAMQGKDMVGRAKTGTGKTLAFGIPILDAIIRHNEKNSPGKFPLAIVLAPTRELAKQVEREFSDSSNVETICVYGGTPISQQIRQLNYGVDVVIGTPGRVIDLLKRGALNLSEVRFVVLDEADQMLSVGFDEDVETILDRVPPKRQTLMFSATMPTWIQRLTQKYLKNPVTIDLVGEDDQKLAEGISLYSIASEGHAKPAVLGELIKEHAKGGKCIVFTQTKRDADRLSYTMGRSFQCQALHGDITQAQRERTLKGFREGHFNILIATDVAARGLDIPNVDLVIHFELPNSSELFVHRSGRTGRAGKKGKAIVMHSYQQSRAIRMVENDVGCKFTELPKINVEGSDLMSGGFDSFGGGGFGREGGGSYGRRGSFGSSSSRGGGFGDSGFGRSGGGFGRSGGGGFGRSSGGGFGDSGFGRSGGGGFGDSGFGRSGGGGYGDSGFGSSGGGSGRSGFGRSGGFGDSGSGRFGGGFGNSGSGSFGNFGGNNSGQSGGFGSS","negative"
"MPLRLDIKRKLTARSDRVKSVDLHPTEPWMLASLYNGSVCVWNHETQTLVKTFEVCDLPVRAAKFVARKNWVVTGADDMQIRVFNYNTLERVHMFEAHSDYIRCIAVHPTQPFILTSSDDMLIKLWDWDKKWSCSQVFEGHTHYVMQIVINPKDNNQFASASLDRTIKVWQLGSSSPNFTLEGHEKGVNCIDYYSGGDKPYLISGADDRLVKIWDYQNKTCVQTLEGHAQNVSCASFHPELPIIITGSEDGTVRIWHSSTYRLESTLNYGMERVWCVASLRGSNNVALGYDEGSIIVKLGREEPAMSMDANGKIIWAKHSEVQQANLKAMGDTEIKDGERLPLAVKDMGSCEIYPQTIQHNPNGRFVVVCGDGEYIIYTAMALRNKSFGSAQEFAWAHDSSEYAIRESNSIVKIFKNFKEKKSFKPDFGAESIYGGFLLGVRSVNGLAFYDWENTELIRRIEIQPKHIFWSDSGELVCIATEESFFILKYLSEKVLAAQETHEGVTEDGIEDAFEVLGEIQEIVKTGLWVGDCFIYTSSVNRLNYYVGGEIVTIAHLDRTMYLLGYIPKDNRLYLGDKELNIVSYSLLVSVLEYQTAVMRRDFSMADKVLPTIPKEQRTRVAHFLEKQGFKQQALTVSTDPEHRFELALQLGELKIAYQLAVEAESEQKWKQLAELAISKCQFSLAQECLHHAQDYGGLLLLATASGNASMVNKLAEGAERDGKNNVAFMSYFLQGKLDACLELLIRTGRLPEAAFLARTYLPSQVSRVVKLWRENLSKVNQKAAESLADPTEYENLFPGLKEAFVVEEWVKETHADLWPAKQYPLVTPNEERNVMEEAKGFQPSRPTAQQEPDGKPASSPVIMASQTTHKEEKSLLELEVDLDNLELEDIDTTDINLDEDILDD","negative"
"MAKVIGIDLGTSNSAAAVVMGGKPTIIPAAEGATVGGKAFPSVVAFSKDGDLLVGEPARRQAVTNPENTIMAAKRKMGSEHIFKAGGKDYKPQQISSFILQKIKKDAEAFVGEPVGQAVITVPAYFDDNQRQATKDAGTIAGLDVVRIINEPTAASLAFGLDKSKQDMKILVFDFGGGTLDVTVMEMGGGVFEVMSTSGDTQLGGTDMDKAIIDYIVDDFRKREGVDLSQDSTALTRVREAAEKAKIELSTVMETDVNLPFISHDSSGPKNLELRLTRAKLEELVGPIIDRCRPSIEKALADAKVSPSDIAKIVMVGGPTRMPAVKKFVSSVTGKESESGVDPMEAVAMGAAIQAGIIAGDVTSDIVLLDVTPLTLGIDTLGGVREPLIERNTTIPTSKSKVFTTAVDNQTAVTIHVVQGERPMTSDNVSLGSFNLTDLPPAPRGIPQIEVKFDIDANGIINVTAKDLGTQKEAKITIESSSKLSKDEIEKLREDAEKFSDEDEKKKGKVELKNEAESFVYTAEKLINHDLKDKITQEQGIKISDGIREVKEALDQDPDILRPKLDSLKAMVNEITTEMYQQAAAQGAAGGAAGGAAGGAAGGAAGDAAGAAGDSTGDAAGAAGGPSEGPAGDAGAGESAGPEPGDDGQPKPGPAA","negative"
"MGPGARGRRRRRRLMALPPPPPPMRALPLLLLLLAGLGAAAPPCLDGSPCANGGRCTHQQPSREAACLCLPGWVGERCQLEDPCHSGPCAGRGVCQSSVVAGVARFSCRCLRGFRGPDCSLPDPCFSSPCAHGAPCSVGSDGRYACACPPGYQGRNCRSDIDECRAGASCRHGGTCINTPGSFHCLCPLGYTGLLCENPIVPCAPSPCRNGGTCRQSSDVTYDCACLPGFEGQNCEVNVDDCPGHRCLNGGTCVDGVNTYNCQCPPEWTGQFCTEDVDECQLQPNACHNGGTCFNLLGGHSCVCVNGWTGESCSQNIDDCATAVCFHGATCHDRVASFYCACPMGKTGLLCHLDDACVSNPCHEDAICDTNPVSGRAICTCPPGFTGGACDQDVDECSIGANPCEHLGRCVNTQGSFLCQCGRGYTGPRCETDVNECLSGPCRNQATCLDRIGQFTCICMAGFTGTFCEVDIDECQSSPCVNGGVCKDRVNGFSCTCPSGFSGSTCQLDVDECASTPCRNGAKCVDQPDGYECRCAEGFEGTLCERNVDDCSPDPCHHGRCVDGIASFSCACAPGYTGIRCESQVDECRSQPCRYGGKCLDLVDKYLCRCPPGTTGVNCEVNIDDCASNPCTFGVCRDGINRYDCVCQPGFTGPLCNVEINECASSPCGEGGSCVDGENGFHCLCPPGSLPPLCLPANHPCAHKPCSHGVCHDAPGGFQCVCDPGWSGPRCSQSLAPDACESQPCQAGGTCTSDGIGFHCTCAPGFQGHQCEVLSPCTPSLCEHGGHCESDPDQLTVCSCPPGWQGPRCQQDVDECAGASPCGPHGTCTNLPGSFRCICHGGYTGPFCDQDIDDCDPNPCLNGGSCQDGVGSFSCSCLSGFAGPRCARDVDECLSSPCGPGTCTDHVASFTCTCPPGYGGFHCETDLLDCSPSSCFNGGTCVDGVNSFSCLCRPGYTGTHCQYKVDPCFSRPCLHGGICNPTHSGFECTCREGFTGNQCQNPVDWCSQAPCQNGGRCVQTGAYCICPPEWSGPLCDIPSLPCTEAAAHMGVRLEQLCQAGGQCIDKDHSHYCVCPEGRMGSHCEQEVDPCTAQPCQHGGTCRGYMGGYVCECPTGYSGDSCEDDVDECASQPCQNGGSCIDLVAHYLCSCPPGTLGVLCEINEDDCGPGPSLDSGLRCLHNGTCVDLVGGFRCNCPPGYTGLHCEADINECRPGTCHAAHTRDCLQDPGGHFRCICLPGFTGPRCQTALFPCESQPCQHGGQCRPSLGRGGGLTFTCHCVQPFWGLRCERVARSCRELQCPVGIPCQQTARGPRCACPPGLSGPSCRVSRASPSGATNTSCAATPCLHGGSCLPVQSVPFFRCVCAPGWGGPRCETPSAAPEVPEEPRCPRAACQAKRGDQNCDRECNSPGCGWDGGDCSLNVDDPWRQCEALQCWRLFNNSRCDPACSSPACLYDNFDCYSGGRDRTCNPVYKKYCADHFADGRCDQGCNTEECGWDGLDCASEVPALLARGVLVLTVLLPPEELLRSSADFLQRLSAILRTSLRFRLDARGQAMVFPYHRPSPGSESRVRRELGPEVIGSVVMLEIDNRLCLKSAENDHCFPDAQSAADYLGALSAVERLDFPYPLRDVRGEPLEPPEQSVPLLPLLVAGAVFLLVIFVLGVMVARRKREHSTLWFPEGFALHKDIAAGHKGRREPVGQDALGMKNMTKGESLMGEVATDWNDSECPEAKRLKVEEPGMGAEEPVDCRQWTQHHLVAADIRVAPAMALTPPQGDADADGMDVNVRGPDGFTPLMLASFCGGALEPMPAEEDEADDTSASIISDLICQGAQLGARTDRTGETALHLAARYARADAAKRLLDAGADTNAQDHSGRTPLHTAVTADAQGVFQILIRNRSTDLDARMADGSTALILAARLAVEGMVEELIASHADVNAVDELGKSALHWAAAVNNVEATLALLKNGANKDMQDSKEETPLFLAAREGSYEAAKLLLDHFANREITDHLDRLPRDVAQERLHQDIVRLLDQPSGPRSPSGPHGLGPLLCPPGAFLPGLKAVQSGTKKSRRPPGKTGLGPQGTRGRGKKLTLACPGPLADSSVTLSPVDSLDSPRPFGGPPASPGGFPLEGPYATTATTVSLAQLGASRAGPLGRQPPGGCVLSLGLLNPVAVPLDWARLPPPAPPGPSFLLPLAPGSQLLNPATPVSPHERPPPYLAAPGHGEEYPAAGTHSSPTKARFLRVPSEHPYLTPSPESPEHWASPSPPSLSDWSDSTPSPATATSATAAGALPAQPHPISVPSLPQSQTQLGPQPEVTPKRQVMA","negative"
"MAAPMVRRAIFLARNVLLPQLSLAGKRYLLSAAYEDSRKWEARAKEDCHLADLASLMDKTYERKLPVSSLTISRFVDNISSREEIDHAEYYLYKFRHSPNCWYLRNWTIHTWIRQCLKYGAQDKALYTLVNKVQYGIFPDNYTFNLLMDHFIKKENYKDALSVVFEIMMQEAFEVPSTQLLSLYVLYQCLAKKTDFSWEEERNFGASLLLPGLKQKNSVGLSSQLYGYALLGKVELQQGLRAVYHNMPLLWRPGYLDRALQVMEKVASSPEDGKLCREALGVLDRALKALTAPAQESPEEQPQEGEESPASEELMEQLDVEETEQSKLPRYVERYEALHSKLQALGKVESESLLTLTTQLVKEQLPTCEAEDIATYEQKLQEWHLELVNLIEREKEMREKARLKHEARRAAKAAA","negative"
"MSLLAQLDQKIAANGGLIVSCQPVPDSPLDKPEIVAAMALAAEQAGAVAIRIEGVANLQATRAVVSVPIIGIVKRDLEDSPVRITAYIEDVDALAQAGADIIAIDGTDRPRPVPVETLLARIHHHGLLAMTDCSTPEDGLACQKLGAEIIGTTLSGYTTPETPEEPDLALVKTLSDAGCRVIAEGRYNSPAQAADAMRHGAWAVTVGSAITRLEHICQWYNTAMKKAVL","negative"
"MSNIDKEKAVAAALAQIEKSYGKGSVMKLGQRPNVDIESVSTGSLGLDIALGIGGVPKGRIIEIFGPESSGKTTLTLHLIAEAQKKGGTCAFIDAEHALDPAYAKKLGVNIDELIISQPDTGEQALEIADTLIRSGGIDMIIIDSVAALVPKSEIEGEMGDAQMASQARLMSQALRKLTASINRTNCITVFINQIRMKIGVMFGSPETTTGGNALKFYASVRIDIRRIGSIKDKEEVIGSQTKVKVVKNKVSPPFKTADFDIMYGSGISKEGEIIDLGVKLDIIEKSGSWFSYNSVRIGQGRENVKQYLKDNPKISNEIEKLVREKSSKVTNINFEQEEEVND","negative"
"MDTTGRLHHRKHATPVEDRSPTTPKASDALPLPLYLTNAVFFTLFFSVAYYLLHRWRDKIRNSTPLHIVTLSEIVAIVSLIASFIYLLGFFGIDFVQSFIARASHDVWDLEDTDPNYLIDEDHRLVTCPPANISTKTTIIAAPTKLPTSEPLIAPLVSEEDEMIVNSVVDGKIPSYSLESKLGDCKRAAAIRREALQRMTRRSLEGLPVEGFDYESILGQCCEMPVGYVQIPVGIAGPLLLNGREYSVPMATTEGCLVASTNRGCKAIYLSGGATSVLLKDGMTRAPVVRFASATRAAELKFFLEDPDNFDTLAVVFNKSSRFARLQGIKCSIAGKNLYIRFSCSTGDAMGMNMVSKGVQNVLEFLQSDFSDMDVIGISGNFCSDKKPAAVNWIEGRGKSVVCEAIIKEEVVKKVLKTNVASLVELNMLKNLAGSAVAGALGGFNAHAGNIVSAIFIATGQDPAQNVESSHCITMMEAVNDGKDLHISVTMPSIEVGTVGGGTQLASQSACLNLLGVKGANKESPGSNSRLLAAIVAGSVLAGELSLMSAIAAGQLVKSHMKYNRSSKDMSKAAS","negative"
"MAGPPNKKQKREDYRTARENGEESKELPKKKFYRQRAHANPFSDHRLAYPASPAQMDWASHYPAYAESAAASEGTEEPSTGSDSSSLKKLKQDVEVADIGCGFGGLTVALAPKLPNSLILGMEIRAQVTEYVQERIKALRVQEKESGLFQNASCIRANTMKFMPNFFKKHQLSKIFLCFPDPHFKARKHKARIVSTTLAAEYAYVVRPGGIIYTITDVEDLHNWMVTHFNAHPTFERVAEEEQEADECVNIMRTETEEGKKVTRNNGPKFVALFKRLEDPPW","negative"
"MTTVKRTVRLITDQNVLPGGEAAVLNDQSFPVREWSIKLVCLNPQGEETDASFVDRVTYKLHPTFQNPTRTIRKPPFQIKEQGWGEFEMEIIIYYADKGGEHRFLHYLHFQQEHYHEDIELNINATRPGLLKALTATGEVPGYSDEGEEARKDKRKNESEVGAGKKKAKAKPVDMDKLAEGLQKLQEDDLLQVVQMVNENKTPDMYVRNDIEGGEFHIDLYTLPDNLLLLLYSFCAKRVTM","negative"
"MAQLSLQHIQKIYDNQVHVVKDFNLEIADKEFIVFVGPSGCGKSTTLRMIAGLEEISGGDLLIDGKRMNDVPAKARNIAMVFQNYALYPHMTVYDNMAFGLKMQKIAREVIDERVNWAAQILGLREYLKRKPGALSGGQRQRVALGRAIVREAGVFLMDEPLSNLDAKLRVQMRAEISKLHQKLNTTMIYVTHDQTEAMTMATRIVIMKDGIVQQVGAPKTVYNQPANMFVAGFIGSPAMNFIRGTIDGDKFVTETLKLTIPEEKLAVLKTQESLHKPIVMGIRPEDIHPDAQEENNISAKISVAELTGAEFMLYTTVGGHELVVRAGALNDYHAGENITIHFDMTKCHFFDAETEIAIC","negative"
"MAYQSEYALENEMMNQLEQLGYERVTIRDNKQLLDNFRTILNERHADKLEGNPLTDKEFQRLLTMIDGKSIFESARILRDKLPLRRDDESEIYLSFLDKKSWCKNKFQVTNQVSVEDTYKARYDVTILINGLPLVQVELKRRGIDINEAFNQVKRYRKQNYTGLFRYIQMFIISNGVETRYFSNNDSELLKSHMFYWSDKQNNRINTLQSFAESFMRPCQLAKMISRYMIINETDRILMAMRPYQVYAVEALIQQATETGNNGYVWHTTGSGKTLTSFKASQILSQQDDIKKVIFLVDRKDLDSQTEEEFNKFAKGAVDKTFNTSQLVRQLNDKSLPLIVTTIQKMAKAIQGNAHLLEQYKTNKVVFIIDECHRSQFGDMHRLVKQHFKNAQYFGFTGTPRFPENSSQDGRTTADIFGRCLHTYLIRDAIHDGNVLGFSVDYINTFKNKALKAEDNSMVEAIDTEEVWLADKRVELVTRHIINNHDKYTRNRQYSSIFTVQSIHALIKYYETFKRLNKKLEQPLTIAGIFTFKPNEDDRDGEVPYHSREKLEIMISDYNKKFETNFSTDTTNEYFNHISKNVKKGVKDSKIDILIVVNMFLTGFDSKVLNTLYVDKNLMYHDLIQAYSRTNRVEKESKPFGKIVNYRDLKKETDDALRVFSQTNDTDTILMRSYEEYKKEFMDAYRELKMIVPTPHMVDDIQDEEELKRFVEAYRLLAKIILRLKAFDEFEFTIDEIGMDEQENEDYKSKYLAVYDQVKRATAEKNKVSILNDIDFEIEMMRNDTINVNYIMNILRQIDLEDKAEQRRNQEQIRRILDHADDPTLRLKRDLIREFIDNVVPSLNKDDDIDQEYVNFESIKKEAEFKGFAGERSIDEQALKTISNDYQYSGVVNPHHLKKMIGDLPLKEKRKARKAIESFVAETTEKYGV","negative"
"MRPGLSAKRLVVKVGSAVLTGERGLDLEAMAEIARQVAALREEGREVVLVSSGAVAAGMRRLGLKERPKDMPKKQALAALGQPLLMAFWQEAFAPFGLPVAQVLLTAEDLSSRSRYLNAKATLRALLDLGAIPVINENDTVAFEEIRFGDNDQLSARVAALVEAGLLALLSDVDALYEEDPKKNPQARPIPEVESVEAVLAHAGEENPLGSGGMKSKLLAARIAGRVGIPTLLLPGKRPGVLLQALSGAPLGTYFHARRRYRGEKAWLFGLLRPKGELVLDRGAVRALKERGASLLPAGVKEVRGRFSRGEAVRLLSEEGEEVGVGLANYASEEIARIKGRRSAEIEAVLGYRYTEEVVHRDHLALKEEA","negative"
"MVVLKQEEVPECLRYLPRNYNFETGKVLRTIRRLGAKRVTLQFPDGLLRYSFVIMDVIEKYTGAECILLNDVVYGGCCIDDESIASDLLVHYGHSCLVPVGEMSTKVLYIFVDIRIDIDHAAEMIRRNFQGKIGVIGTIQFNSSINRLKRVLDEERGGVECTLPQIRPLSSGEVLGCTAPKIEGVSAVISIGDGRFHLEGAMIRNPHLRFYKYCPFSRRMTQESYDHSTMLSDRKSEIRKAFSGRSFGVILGSLGRQGNRSILRSVVDRLKEYDVYLIMLDEISPKKLERYNFIDSFVQISCPRLSIDWGKLFKKPLLTPFEVFYSGGEYLMDYYSREGSGEWKNYR","negative"
"MPLSYPHFRKLLLLDDEAGPLEEELPRLADEGLNRRVAEDLNLQLPNVSIPWTHKVGNFTGLYSSTVPTFNPDWLTPSFPDIHLHQDLIHKCEQFVGPLTKNELRRLKLVMPSRFFPKVTKYFPMEKGIKPYYPDNVVNHYFKTRHYLHTLWKAGILYKRESTRSASFCGSPYSWEQELQHGSTSINDSKGHGTESLCTQSSGILSRPSAGSSIQGKFQQSRLGLQQKQGQLANGKQGRSGRIRSWVHTPTRWPVGVESTGTGCAYNIASRSASCFHQSAVREKTNPSLSTSKRHSSTGHAVELHSVPPGSVRSEGKGSVFSCWWLQFRDTEPCSDYCLSHIINLLEDWGPCYEHGQHHIRTPRTPARVTGGVFLVDKNPHNTTESRLVVDFSQFSRGNTRVSWPKFAVPNLQSLTNLLSSNLSWLSLDVSAAFYHLPLHPAAMPHLLVGSCGLSRYVARLSSTSRIHDHQHGTMQNLHNSCSRNLYVSLLLLFQTLGRKLHLYSHPIILGFRKIPMGVGLSPFLLAQFTSAICSVVRRAFPHCLAFSYMDDLVLGAKSVQHLESLYTAVTNFLLSVGIHLNTSKTKRWGYTLNFMGYVIGSWGSLPQDHIVQKLKDCFRKLPVNRPIDWKVCQRIVGLLGFAAPFTQCGYPALMPLYACITAKQAFVFSPTYKAFLCQQYMNLYPVARQRPGLCQVFADATPTGWGLAIGHQRMRGTFVAPLPIHTAELLAACFARSRSGAKLIGTDNSVVLSRKYTSFPWLLGCAANWILRGTSFVYVPSALNPADDPSRGRLGLYRPLLRLPFQPTTGRTSLYAASPSVPSHLPDRVHFASPLHVAWRPP","negative"
"MRKVAIPVAILALIGLDQWVKHWVVANISLNQVIKAIPGVFSLTYLQNRGAAFSILQNQKYFFVILTVLVIGAALFYLVKNYQKSLWLVLSLILIISGGIGNFIDRVHLGYVVDMVQLDFIDFAIFNVADSYLTVGVLLLILILWKEENGSHH","negative"
"MTKRQESKYKIDRRMGENIWGRPKSPVNRREYGPGQHGQRRKGKLSDYGVQLRAKQKLKGFYGNISEKQFRGIYKEANRLRGDTSEILIGLLERRLDAVVYRAKFVMTPFAARQFVGHGHILVNGKRVNVPSYRVREGDVIEVREKSKQLAIVLEASQSAERDTPDYIEVDHDKMVAKFVRIPAFSDVPYAAHMEPNLVIEFYSRS","negative"
"MNVGVAHSEVNPNTRVMNSRGIWLAYIILVGLLHMVLLSIPFFSIPVVWTLTNVIHNLATYVFLHTVKGTPFETPDQGKARLLTHWEQMDYGLQFTSSRKFLSISPIVLYLLASFYTKYDAAHFLINTASLLSVLLPKLPQFHGVRVFGINKY","negative"
"MTYRGTRKSPCCSPPPRCGPPLPSGPAGSALGPPSSGAEEEMTKEQVYLREFQPADQEFARRIFYEGIKERILSSAFRGLKYQPLLQSVYAVIIIMCFVVTKSLLVTCCMPLFLLGMRYYYSRKIILNHLECALRTDMSDIEQYYMKQPGSCFWVAVLEGKVVGIVAARGNEEDNVVELRRMSVDSNYRGKGIAKALGRKVLEFAMLNHYSSIVLGTTAVKIAAHKLYESLGFKHVGVVEHHIVPGMTHSLLERLFFQLRYHRYCLQLREE","negative"
"MGLLSQGSPLSWEETKRHADHVRRHGILQFLHIYHAVKDRHKDVLKWGDEVEYMLVSFDHENKKVRLVLSGEKVLETLQEKGERTNPNHPTLWRPEYGSYMIEGTPGQPYGGTMSEFNTVEANMRKRRKEATSILEENQALCTITSFPRLGCPGFTLPEVKPNPVEGGASKSLFFPDEAINKHPRFSTLTRNIRHRRGEKVVINVPIFKDKNTPSPFIETFTEDDEASRASKPDHIYMDAMGFGMGNCCLQVTFQACSISEARYLYDQLATICPIVMALSAASPFYRGYVSDIDCRWGVISASVDDRTREERGLEPLKNNNYRISKSRYDSIDSYLSKCGEKYNDIDLTIDKEIYEQLLQEGIDHLLAQHVAHLFIRDPLTLFEEKIHLDDANESDHFENIQSTNWQTMRFKPPPPNSDIGWRVEFRPMEVQLTDFENSAYVVFVVLLTRVILSYKLDFLIPLSKVDENMKVAQKRDAVLQGMFYFRKDICKGGNAVVDGCGKAQNSTELAAEEYTLMSIDTIINGKEGVFPGLIPILNSYLENMEVDVDTRCSILNYLKLIKKRASGELMTVARWMREFIANHPDYKQDSVITDEMNYSLILKCNQIANELCECPELLGSAFRKVKYSGSKTDSSN","negative"
"MAEKVYIYDTTLRDGSQMEGVSFSLEDKIRIAEKLDDFGIHYIEGGWPYANPKDNLFFQKAKKMNFKNAKLTAFGSTRRPNKKVSEDPQVESLIKAETPVVTIFGKSWDLHVTDALKTTLEENLNMIYETVEYLKRYVDEVIFDAEHFFDGYKSNPEYALQVLEAALKGGADWVVLCDTNGGTLPHEIYEITKKVKERFKDANVGIHAHNDSETAVANSLMAVLAGARQVHGTINGIGERTGNANLCSIIPNLQLKLGFDVIPQENLKKLTELANFVAEIINMPLPRNMPYVGESAFAHKGGVHASAVLKNAKTYEHINPELVGNKRKITVSDLAGRSNLVHKLKEFGIEIDPKSPELKKLIDKIKELEKEGYHFEAAEASLELLIKRHFGLVKDYFDFDAYRVLIAKRRDDSLPTSEATVRLSVEGVEEHTASLGNGPISALDRALRKALEEFYPNLKELQLIDYKVRIINESAGTSAKVRVLIESTDGKRKWGTVGVSENVIEASWIALRDSIVYKLMKDEEEGIL","negative"
"MRTQWPSPAKLNLFLYITGQRADGYHTLQTLFQFLDYGDTISIELRDDGDIRLLTPVEGVEHEDNLIVRAARLLMKTAADSGRLSTGSGANISIDKRLPMGGGLGGGSSNAATVLVALNHLWQCGLSMDELAEMGLTLGADVPVFVRGHAAFAEGVGEILTPVDPPEKWYLVAHPGVSIPTPVIFKDPELPRNTPKRSIETLLKCEFSNDCEVIARKRFREVDAVLSWLLEYAPSRLTGTGACVFAEFDTESEARQVLEQAPEWLNGFVAKGVNLSPLHRAML","negative"
"MEELQGYFEKDGSRQQPFLYPLLFQEYIYALAHDRSLNGNGSIFYEPLEIFGYDSKSSLALVKRLITRIYQQHFFLSSVNYSKQNRFVGHHHTNFFYSRFYSQMISDGFGIIVEIPFSLQLVSYLKEKEIPKSHNLRSIHSIFPFLEDKLVHFNYVSDILIPHPIHMEILVQILQCWIQDVPLLHFLRFFLHEYHNWNSFFITQNNSIYLFSKETKRLFRFLYNSYVYECEFVFVFLRKHSSYLRFTSFRTFLERRYFYVKMEHLQTEHLIIVCCDYFNGTLWSFKDPFMHYARCQGKAILVSKGTHLLMKKWKYNFVNLWQYYFYFWYQSYRIHINQLSKHSFHFLGYLSSLLKNSSTVRNKILDNSFLIDTLTTKFDTAVPVIFLIVSLSKAQFCTVSGHPISKPIWTDLSDSGIIERFGRICRNLSHYHSGSSKKQGLYRIKYILRLSCARTLARKHKSTVRTFLQKLGSRLLEEFFTEGEQDLSLILPKAILFPFQGSHRERIWYLDIIRINHLVNRS","negative"
"MFLPQEIIRKKRNGEALSTQEIQFFVQGITNNTIGEGQIAALAMAVYFKDMTMDERVALTCAMRDSGMVLTWDHLNLGGPIVDKHSTGGVGDVVSLMLGPMVAACGGFVPMISGRGLGHTGGTLDKLDAIPGYQTSVDNDRFLKVVKEAGVAIIGQTGDLAPADKRIYAVRDITATVESIAMITGSILSKKLASGLEALVMDVKVGSGAFMPTFEASEELAKSIVAVANGAGCRTSALLTDMNQVLASSAGNAVEVREAVRYLTGEYRNPRIHAVTMALCAEMLISAGLASDDGEARRKLQAVLDNGKAAEIFGRMVTGLGGPSDFMERYDHHLPKAAIVRPVYAANSGFVTAMDTRELGLAVVAMGGGRRAAGDKLDYAVGLTDFIRLGQSVEADKPLALIHAQTEEQFAQAASMVQAAVKIGDTRPEALPEVYRRIGLADL","negative"
"MDELKKLAGVYAAGFVEDGMVVGLGTGSTAYFFVEEIGRRIKEEGLSVVGVTTSTQTTKQAEGLGIPLKSVDDIDSIDVTVDGADEVDPQLNGIKGGGGALLMEKIVATPTKKYIWVVDESKMVDQLGAFKLPVEVVQYGADRLYLDFESKGYKPSFRVTEQGDRFVTDMKNFIIDLDLGKINNPVALGDELKAMTGVVEHGLFNGMVNKVIVAGKDGVKIVEVKD","negative"
"MEFSSAFESGVLLQRYKRFLTDITLDNGEEVTIHCPNTGSMRNCLFVGEKVWFSVSDNPKRKYSRTWELAQTPEGHIIGINTGRANALAEEAINNGIITELQGYGSLRREVKYGSENSRIDILLEDADKANCYIEVKSCTLLEQGLGYFPDAVTTRGQKHLRELMEMVEQGQRAVLLFVVQHSGINCVQAAAHIDPSYAALLSEAHAKGVEIIAYKADSSPIEARLVKSCPVRL","negative"
"MQQLTIAIDAMGGDFGPQVTVPAVVQALSQFPELKVTVVGDRDAISTQLTHLNYTLNPRFSIVHSDSVIGNNTQPSKALRHSRGSSMRMALDLVASKDVDACISAGNTGALMGLSRFTLKLLPGVERPALISPLPTKNNQRTWMLDLGANVSCDAETLFQFAVMGSELAEQSIGRKAKVALLNIGEEEIKGNDQIKRCAEMLNQCQNIEFIGYIEGDKLYQGIADVVVCDGFVGNVCLKTSEGVAHLFLDQLKSQLLTSKFKQILAKWLFGDVISSLKGLNPDQYNGASLIGLRGIVVKSHGSADISAFNNAIKEAVHEIKRQIPNRISDRLEAVLLERHY","negative"
"MSASDLTSVQATAPQGRRQILVTSALPYANGQIHIGHLVEYIQTDIWVRTLRMHGHEVYYIGADDTHGTPVMLRAEKEGLTPKQLIDRVWTEHKRDFDSFGVSFDNFYSTDSDENRVLSESIYLALKENGLIAERAIEQAYDPVKEMFLPDRFIKGECPKCHAKDQYGDNCEVCGSTYLPTELLNPYSVVSGATPVRKTSTHYFFRLSDPRCESFLREWVSGLAQPEATNKMREWLGDAGEAKLADWDISRDAPYFGFEIPGAPGKYFYVWLDAPVGYYASFKNLCDREGIDFDAWIRAGSTAEQYHFIGKDILYFHTLFWPAMLEFSGHRTPTNVFAHGFLTVDGAKMSKSRGTFITAQSYIDTGLNPEWLRYYFAAKLNATMEDIDLNLDDFQARVNSDLVGKYVNIASRAAGFLIKRFDGRVQDSAMNHPLVAKLRDAIASIAAHYEGREYSRALRQTMELADEVNAYVDGAKPWELAKDPANAVALHETCSVSLEAFRLLSLALKPVMPRVAEAVEAFFGVAPLAWADAAKPLSSAQPIKAYQHLMTRVDPKQIDALLAANRDSLQADAAGAAAAGTTAANAAKDAKSAKANAKAVAANGADDAPISIDDFAKVDLRIAKIVACQAVEGSDKLLQLTLDIGEEKTRNVFSGIKSAYQPEQLVGKLTVMVANLAPRKMKFGLSEGMVLAASAADEKAEPGLYILEPHSGAKPGMRVK","negative"
"MLILVSPAKTLDFEQPPLTQTHTRPDFLAYSQELIQVCQRLTPSDIATLMKVSDNIAGLNAARFGEWTPDYSIDNAKQAIFAFRGDVYTGFDADTLTPEQLERTQSQLRILSGLYGLLRPLDLILPYRLEMGTALANPKGKNLYDFWGNTLTEAVNNAVAAQGDDIIINLASNEYFKAIKRKQLAGQLITPVFKDFKNGQYKVISFFAKKARGMMARYIIDQQVSSIEELKAFDVAGYYYSEELSKPNEPTFLREAQ","negative"
"MDISTPCIKCQVHSKYIEEQSEPSKNRYVFAYIITIKNLSKTTVQLMSRSWLITDSNGKQLTIEGDGVVGQQPVIEANDEYTYTSGTVIETPVGVMQGHYVMTDHKGIDFITEVDPFRLAIPNILN","negative"
"MPLEMFMFATTRMALLIGGAIGGATFPLFAQETTKNDTVIVTSPVQSGATKLATPDIETPQSVSIITRQQFEEQGATSVRQAVSYTPGVYSNQIGASNRFDYIVLRGFSDGSLDNVYLDGLKMMGDTNSHSSLVVDPWFLEDIEVVRGPASVLYGRSSPGGIVALTSRKPAFDAGGEVKLFAGNNNQRGAAFDVTGPLDDNERVAARLSGMTRYADSQFTPLKEERYALMPSLTWRITDRTRLDLMAYPHRDPEGGSHSGLPYQGTVVPYNGGKISNTFFEGEDDYDKYDRRENMVGYNIEHLFDNGWSVRQKLRYLHTKVTLNQVYAAGWLNETALNRGYSGSGEKMSAIALDNQLDGSVDTGAINHRLLVGIDYQDRSNHTTGYYGAFPPIDAFNPVYGAQPDYITLYSREKHKLRQTGYYLQDQMSWDRWRFTLGGRYDRVSVSNIDKLHDSRSDLDKNNVSTRAALLYLFDNGVAPYLSYSTAFTPTSFADENGNVLEPMKGKQWEAGVKYEPPGGNSQFSAAVYRINQTNIATKEEPTDPYRSIGEIESKGVELEAISHLSDSVRLQAAYTYTDIRYKKSSPQEQGKRAVYAPRNQASAWLSYDVKSGLLEGLTLGSGIRYVNGVTSDRLNTHTLPSYTLVDMVVGYDLSSIGLNGLSAQLNVNNLTDKRYVAACNSLSYCYFGAERSIVGSVSWAF","negative"
"MSKEHTLSQNISRVNFKELQQIIKMGLVQGNLIPAFAGAWLAVVMTNHSFLSSIPQILLMLFGSTLIMGGACALNNYYDQDIDRIMPSKQNRPTVNNRITDQNLLLLSFGMMLVGEICLFLLNIPSGVLGLMGIVGYVSYYSIWSKRHTTWNTVIGSFPGAVPPLIGWVAIEGQISLTAIALFLVVFCWQPIHFYALAIKRKDEYALANIPMLPSVKGFKRTRVSMFIWLIILLPVPLLLINLGVVFVVLATLLNLGWIALGLTTFKKNSDQTKWATQMFIYSLNYLVIFFVLAVIVSLLTLI","negative"
"MQTKKNEIWVGIFLLAALLAALFVCLKAANVTSIRTEPTYTLYATFDNIGGLKARSPVSIGGVVVGRVADITLDPKTYLPRVTLEIEQRYNHIPDTSSLSIRTSGLLGEQYLALNVGFEDPELGTAILKDGDTIQDTKSAMVLEDLIGQFLYGSKGDDNKNSGDAPAAAPGNNETTEPVGTTK","negative"
"MSALKRMMRVSNRSLIAFIFFFSLSTSCLYFIYVAPGIANTYLFMVQARGIMLRENVKTIGHMIRLYTNKNTTLNGTDYPEGNNTSDYLVQTTTYLPQNFTYSPHLPCPEKLPYMRGFLSVNVSEISFDEVHQLFSKDSEIEPGGHWRPQDCKPRWKVAVLIPFRNRHEHLPIFFLHLIPMLQKQRLEFAFYVIEQTGTQPFNRAMLFNVGFKEAMKDRAWDCVIFHDVDHLPENDRNYYGCGEMPRHFAAKLDKYMYILPYKEFFGGVSGLTVEQFRKINGFPNAFWGWGGEDDDLWNRVHYSGYNVTRPEGDLGKYTSIPHHHRGEVQFLGRYKLLRYSKERQFIDGLNNLLYTPKILVDRLYTNISVNLMPELAPVEDY","negative"
"MSFFSHHPSRSPRIWTDILLRWQGSVIPAIASRVLVCMAFSLGVTLVDGWGYKFSIPIQESIVPSIVLGLLLVFRTNTAYERFWEGRKAWGTMVNTIRNLSRIIWVSVAEPSPQAHQDKIKILHLLVAFAVATKLHLRSQPLNEEIWALLPESGYRKLEDLNNPPLEIAFWISNYLQREYDQNNINAYQLTAMLRLVDTMVDVLGSCERILKTPIPLAYAIHLRQLIFLYCFITPFQIVNTLHWATAFVVGIIAFTVFGIEEIGVEIENPFGHDANDLPLDQICQTMQANLEDLIQLPPWHQISHGD","negative"
"MPLSYQHFRKLLLLDDEAGPLEEELPRLADEGLNRRVAEDLNLGNLNVSIPWTHKVGNFTGLYSSTVPVFNPDWKTPSFPHIHLQEDIINRCQQYVGPLTVNEKRRLKLIMPARFYPNLTKYLPLDKGIKPYYPEYAVNHYFKTRHYLHTLWKAGILYKRETTRSASFCGSPYSWEQELQHGRLVFQTSTRHGDESFCSQSSGILSRSPVGPCVRSQLKQSRLGLQPQQGSLARGKSGRSGSIWSRVHPTTRRPFGVEPSGSGHIDNTASSTSSCLHQSAVRKTAYSHLSTSKRQSSSGHAVELHNIPPSSARSQSEGPIFSCWWLQFRNSKPCSDYCLTHIVNLLEDWGPCTEHGEHNIRIPRTPARVTGGVFLVDKNPHNTTESRLVVDFSQFSRGSTHVSWPKFAVPNLQSLTNLLSSNLSWLSLDVSAAFYHIPLHPAAMPHLLVGSSGLPRYVARLSSTSRNINYQHGTMQNLHDSCSRNLYVSLLLLYKTFGRKLHLYSHPIILGFRKIPMGVGLSPFLLAQFTSAICSVVRRAFPHCLAFSYMDDVVLGAKSVQHLESLFTSITNFLLSLGIHLNPNKTKRWGYSLNFMGYVIGSWGTLPQEHIVQKLKQCFRKLPVNRPIDWKVCQRIVGLLGFAAPFTQCGYPALMPLYACIQSKQAFTFSPTYKAFLCKQYLNLYPVARQRSGLCQVFADATPTGWGLAIGHRRMRGTFVAPLPIHTAELLAACFARSRSGAKLIGTDNSVVLSRKYTSFPWLLGCAANWILRGTSFVYVPSALNPADDPSRGRLGLYRPLLHLPFRPTTGRTSLYAVSPSVPSHLPDRVHFASPLHVAWRPP","negative"
"MSGSTGERSFADIITSIRYWVIHSITIPSLFIAGWLFVSTGLAYDVFGSPRPNEYFTESRQGIPLITGRFDPLEQLDEFSRSF","negative"
"MKSLNTLVILTSVISTSVFAGAYVENREAYNLASDQMEFMLRVGYNSDMGAGIMLTNTYTLQRDDELKHGYNEIEGWYPLFKPTDKLTIQPGGLINDKSIGSGGAVYLDVNYKFTPWFNLTVRNRYNHNNYSSTDLNGELDNNDSYEIGNYWNFIITDKFSYTFEPHYFYNVNDFNSSNGTKHHWEITNTFRYRINEHWLPYFELRWLDRNVGPYHREQNQIRIGAKYFF","negative"
"MRNQKVNRTVLIGAGFVGSSYAFTLINQGITDELVIIDLNKDKAMGDVMDLNHGKAFAPHPVKTWYGTYDDCKEADIVCVCAGANQKPGETRLDLVEKNLKIFKGIIGEVMASGFDGIFLVATNPVDILTYATWKFSGLPKERVIGSGTTLDTARFRYLLSEYFGVAAHNAHGYIIGEHGDTELPVWSHANIGGVPVSDLLKRNEKYKAEDLDELFDNVKNAAYHIIEKKGATYYGVAMSLARITKAIYRNEEAILTVSAHLDGEFGENDVYIGVPAVVGRCGAREIVELDLNEKEKQQFKHSAGVLKAILKPHFELQA","negative"
"MTPPPASPSKKAKSSWLLIALIAVIIGIILCAGVITFLTLFNKNGDGPDMDWQNATEVPLTTTSKATVSTTTTQSATTPSTTTTRIEETTTTTSGAFDESVKNSEASTSTIPTTEAVPTTTATDAPEIVMPVDVASILKDKTKDFEIVEKCAEIQALPVSCTPSQSPLTSDPSKFQPIHYVLNITIRDVRKPVLEGHMQLFASTKDQVQAISLHSVKIHNLENRDRIHVVNCNTGETICVSRVHQIDDLIHLELAQSISSGVNLRVDIDGFISADSGPHVFKQIPTAKWRVPQMIGSVFEPTSARHVFPSFDLHNQKSTFNLCLNHGPSMSAIANSLINPNVSTSGISCFEKTVPLIAQQLSFVAFEKTNPLFYNTTTMDGAYLPEIDMIFNLNAKNFKQYEWIHSEVSKVMALMSKWSGFSYPLTRLEIVVAPVQAGHSALGVITLPAQAIAYQKHTSTHETLIKEVIGQWMEGVVTTEHTCFEKALIAYVEWKINEELQIVKKTRKMEVSKIRPRNLNETADSVRVLRQIKSQSSNLCSPRFVEVFYTLDETYGQETVIGMIRVIFDKFAFSTATISDWASAAETATGGRPEAGALIHQWYRPSSTISRPVLRAVVSSNSVEFNQLTEETWTVPLEISGSAGTQLAVISEKKQAIPFVSSDYVVVDAGRKSHAFVVYDADTYLRLIRCFGDSRCPSKEIGGIFSDLGAALLANILPKPENQDVAKWKSVFKFMAQQNIVEGTAACCVEHAIREMRKCSYWDIQDVCTKIDFNIVLAAVA","negative"
"MEVNILAFIATALFILVPTAFLLIIYVKTVSQND","negative"
"MPPKKAARPAQENISLGPQIREGELVFGVARIFASFNDTFVHVTDLSGRETTDRVIGGIKVKADRDESSPYAAMLAAQDVAARCKELGITALHIKIRATGGNGTRTPGPGAQSALRALARSGMKIGRIEDVTPTPSDSTRRKGGRRGRRL","negative"
"MAVQQNKPTRSKRGMRRSHDALTAVTSLSVDKTSGEKHLRHHITADGYYRGRKVIAK","negative"
"MERVRKNFATADNVLEPPHLISMQRISYEEFLQIDRAPEEREDVGLQAILKNIFPINDFNGLCSLEFLKYKFGEPKYTVQECQQRGMSYEIPLKIVVRLITFDVDEETGVQTIRDMKEQEVFLGSLPLMTADGVFVVNGTERVIVSQLQRSPGLFYSHDNGKSHSSGKLLYSARIIPVRGSWIDLEFDIKDVLHVRIDRRRKFPVTTLLKALGYSSEELLREFYPLENVKLSDGKYWVRFVAEHTAGQRLEFDLVNPQDGEILAKKGRKISKALCRKAVEAGIEFIEASSETILGKVLASAITLAGAEEPLYPCNTEITETVLENLAENGINEFETLFMDGVNYSASFSHTLRLDKVITTAEALLEIYRRLRPSSPPTLEIATTFFENLFFNPDLYDLSEVGRYKINAKLGLKTDIEHRALTRDDIIYGVRYLVRLKDNQGGIDDIDHLGNRRVRTVGELVENQYRMGLVRMERAIKERMTLQDVETLMPHDLINPKPISAAIKEFFGTSQLSQFMDQTNALSEVTHKRRLSALGPGGLSRERAGFEVRDVHPTHYGRICPIETPEGPNIGLIVSLATYARVNPYGFIETPYRKVENRVILDDIRYLSALEEQKQIIAPALVALEADHQSISEGNLIAREEGDVITIGSDNVTYMDVAPNQMISVAASLVPFLENDDANRALMGSNMQRQAVPLLVTAAPLVGTGMERYVARDSGACLLSAGDGVVEEVDSNRVVVRYDKPGVDGYDTGVAVYRLTKYKKSNQNTCFTQTPTILPGLKVEKGTLLADGPGCEAGELALGKNLTVAFMPWRGFNYEDSILINERLLKEDAYTSIHIDVFETMARDTKLGKEEITRDIPNVSEDTLRNLDDSGIVRVGAEIKPGDTLVGKVTPKGETVLSPEEKLLRAIFGEKAQDVKDSSLRVPPGVTGVVIDAKVFSRKGVDKDERSLMIEDLEIERLEGDKRDELRSLKNGVCRELGELIAGNTALGDILDSKGELLISSGDKIEVVHAIAIGFHRLKDIDFSGMADCTDRMDAAYERYQKQAEVIAQRYDGIIERQKKGDDLPPGVVKMVKVYVATKRKLSVGDKMAGRHGNKGVVSRILPEEDMPYFANGDTVDIVLNPLGVPSRMNVGQILEVHLGFAAKNLGAQLEKLAEQYAVEEIKAKLSRVYSDSEYHAIIDGKTDAEVIDWAYRHRKGLHMATPVFDGAEEAEIRKLLIESGVDKGGQSQLYDGLTGEPFANLVTVGVMYMLKLHHLVDNKIHARSTGPYSLVTQQPLGGKAQFGGQRLGEMEVWAMEAYGAAYTLKEFLTVKSDDVEGRTTMYERIVKGNNFLTTGLPESFHVLVKELQGLCLNMELIEE","negative"
"MRRSAAPSQVLGNVAKKPRFIPPGKSNALCPKIETEETDQDVKLKEIGEKHGNASLFSEMFSENQSENFTQSVESSGKVKSTKAWNSTSKCSKLEMKTQSAPKADAMHLPTSGMAKEAAAQEEPDCLTKYFSVMWCKASKKKHKKWEGDAILITKGKSVILKDMEGKDIGRGTGYKSKELDSLEEGQTLMIGGKEIEVMGVISADDFSSGRCFQAGIATHDTVPTALPQTTMKQFCKPIKSACQPSTKENILLNPQSCKPRHNPNDTNSLVMPRPNASHQCMFNKAGLPVVDVVVDPYIANNLRPHQREGIVFLYECVMGMRVSGRFGAILADEMGLGKTLQCISLVWTLLRQGVYGCKPVLKRALIVTPGSLVKNWKKEFQKWLGSERIKVFTVDQDHKVEEFISSPLYSVMIISYEMLLRSLDQIQAIEFNLLICDEGHRLKNSSIKTTTALTNLSCERRIILTGTPIQNDLQEFYALIEFVNPGVLGSLSTYRKIYEEPIVRSREPSATKEEKDLGEKRAAELTRLTGLFILRRTQEVINKFLPPKKENIIFCQPTALQLELYRKLLSSRVISSCLQGRLENSPHLICIGALKKLCNHPCLLFKALKEKCCDPKSDEHVESSLYEGLTDVFPQDYTSDTFSEIDSGKLQVLVKLLAAIRELSSSERVVLVSNYTQTLNVLLETCKCYGYSYTRLDGNTPVSQRQQIVDSFNSKFSPAFIFLLSSKAGGVGLNLVGASHLILYDIDWNPATDIQAMARVWRDGQKCTVHIYRLLTTGTIEEKIYQRQISKQDLSGAVVDLSKTSEHIHFSVEELRNLFTLHENSSCVTHDLLECDCMGNKDHQNPSSKKPSVSRCCQLRQDQGKHNSKKPLSMSQLMQWKHFSGQHQALPDPFLERIKENVSFIFQNVTNATSPTQ","negative"
"MKILVLGATGSIGKQAIDVICQLKYQLVGFSYYQNHNEANNILKQLNPNYVLCHSDPKYNKNVKSDLIELIDKSKPKVIINAINGYHGIEASLIALSKKKDLLLANKESLVIAGSQLEAIRKDTKTTIYPIDSEHSALYDLLKDKKKNQIKQLMITASGAGYFNKDISELRKLTYNDLLNHPNWKMGAEISINSATFVNKVYEIVEAYHLFKIKDIIPVVERSSTIHAGVIYQDNSIHFHATTNDMRWAIQSALTKFDNRTNVVQSLDLYQKTIQFEKIDFEQYPIFKIAYDILKNPYTTRGAVLTCINEHVVKLFQKQKINFLQITELISNFYWNYQHKKIDNIWQINDLIFKIKAAISSKYAYLDK","negative"
"MSSNNESIKNWVSDKIFDILGYRESTMVDYIIALSKKAKDVNSFISTLTEQDFPINSNTKSFAQELLNKSQQKIQNITSSSSSSSSTSLSSSSSSKDKEKEKIEFLKKNKSYKLVIDHDDDIVNSSGSSDSDSDSERKRKKKEKKKEKKDKKDKKDKKSSTRKKSDNNWDDEIEPEPIKPNEKEDENNNNENNDNNNDNNNLQKRQPYKSIIEEENNNDNNNNNGEEDEYEREQREVKELSDRIKKRDEKSTKKKIVDDSETKESIERKNRLEQNEQLETERTKSRRKYLVGEEQKRLILLKREIEEEYELFKDQKLTEQEIKDFEKKKKLYELASQRINESQQSDDYYQLPSEIKDKDSLLKSSYINDNKNKKGNDSSSSSSYNPEQKEWEQNRMKSAISENRGLSTANIGGGNEEYEYVFEDQIEFIKEEVLKQGQKGDGVMILKPGDDGSAQAKMTIQEVRKSLPVYPYREQLIDAVREYQVLIIVGETGSGKTTQIPQYLHEAGFSKTGKIGCTQPRRVAAMSVAARVAEEVGCKLGNEVGYSIRFEDCTSQKTVLQYMTDGMLVREFLTAPDLASYSVLIIDEAHERTLHTDILFGLLKDITRFRPDLKLLISSATMDAERFSDYFDGAPTFNIPGRKYEVTTHYTQAPEADYLDAAVVTVLQIHITEPLGDILVFLTGQEEVDQAAEMLQTRTRGLGTKIKELIITRIYSTLPTDLQAKIFEPTPPNARKVVLATNIAETSLTIDGIIYVIDPGFCKQKMFNPRTGMESLVITPVSRASANQRKGRAGRVAPGKCFRLFTAWAFDNELEENTIPEIQRTNLGNVVLLLKSMGINDLMNFDFMDPPPAQTLIAALEQLYALGALNDRGQLTKLGRKMAEFPVDPQLSKMIIASEKYKCSEEILTICAMLSVGNTIFYRPKDKAFAADAARKLFFHPQGDHLTLMNVFNQWRESGYAVQWCFENFIQHRSMKRAQDVRDQLELLLERVEIPLVSNVDDTDSIRKCIASGFFYNSAKLEKSGLFRTTKHNQSVQIHPSSCLFQSPPKWVVYHELVLTTKEFMRQIVEIQSSWLHEIAPHIYKEKDVNDNQKLPKNIGKKQINK","negative"
"MAKRVTGPEIEKLIQLLAKVPGLGPRSARRAALHLIKKKDQLLGPLSHAMGEAYDKVKICSRCGNVDTVDPCIVCTDVQRDQSVIIVVEDVSDLWALERAGAMNAAYHVLGGTLSPLDGVGPDDLNIRGLIDRVGEGGIRELIIAVNATVEGQTTAHYITDQLQGLDVKITRLAHGVPVGGELDYLDEGTLAAALRARTVI","negative"
"MLSPKRTRFRKQHRGRMKGISYRGNRICFGRYALQALEPAWITSRQIEAGRRAMTRNVRRGGKIWVRIFPDKPVTVRPTETRMGSGKGSPEYWVAVVKPGRILYEMGGVAENIARKAISIAASKMPIRTQFIISG","negative"
"MRSLLWASLLSGVLAGRALVSPDEFPEDIQLEDLLEGSQQLEDFAYAYPERNRVFGGKAHDDTVNYLYEELKKTGYYDVYKQPQVHLWSNADQTLKVGDEEIEAKTMTYSPSVEVTADVAVVKNLGCSEADYPSDVEGKVALIKRGECPFGDKSVLAAKAKAAASIVYNNVAGSMAGTLGAAQSDKGPYSAIVGISLEDGQKLIKLAEAGSVSVDLWVDSKQENRTTYNVVAQTKGGDPNNVVALGGHTDSVEAGPGINDDGSGIISNLVIAKALTQYSVKNAVRFLFWTAEEFGLLGSNYYVSHLNATELNKIRLYLNFDMIASPNYALMIYDGDGSAFNQSGPAGSAQIEKLFEDYYDSIDLPHIPTQFDGRSDYEAFILNGIPSGGLFTGAEGIMSEENASRWGGQAGVAYDANYHAAGDNMTNLNHEAFLINSKATAFAVATYANDLSSIPKRNTTSSLHRRARTMRPFGKRAPKTHAHVSGSGCWHSQVEA","negative"
"MKVNVLATTALNPSPLLDAYEYRVSGAAYNRDRPTDADALGEAAGRICYKSFERKNPATASNPGYLGNILAQGHFSVLEHASVTFLVRDVSRALLTELSRHRHLSFSVVSQRYVDHADTEPVVPPAIRGTELEKPFREDYAEALQAYDAGVKLLRARGYGRKQAREAARALLPNAAPVDMVVTGNLRAWRDVLGKRWHVAADAEIREFAGRVLDHLHAVAPNSVQDMPTSPFGSDGK","negative"
"MSISQLSQMFMTCLSLTMIILILPITFSFITKPSNKWPFQVKNAVKLSFFVSLIPSITCLNLNLQSFTIYYQWFSISSTKINISLQFDQYSMIFMTIALYVTWSILEFAIYYMHTDILINRFFKYLLTFLIAMMILVTANNMFQLFIGWEGVGIMSFLLIGWWYGRADANMAALQAVIYNRVGDIGLMMTMSWLLINTNSWDIQQLFGLTKNMDTTLPATGLLLAATGKSAQFGLHPWLPAAMEGPTPVSALLHSSTMVVAGIFLLIRLHPLIENNNNILTAALCLGAITTLFTATCALTQNDIKKIVGFSTSSQLGLMMVAIGLNQPQLAFLHICTHAFFKAMLFLCSGSIIHSLNDEQDIRKMGGINKTLPLTSSCLTIGSLALMGTPFLAGFFSKDAIIEAINTSHLNAWALVLTLIATSFTAVYSLRIIYFVLMNHPRTLPLSPVNENNPLIANPIKRLAWGSIIAGLILCQYILPNKTQTLTMTPMLKLTALIVSLLGLLTALELASMANKQIKINPTKFTHNFSNMLGFYPHIMHRLMSKLPLMLGQISATQMSDQLWMEKLGPKGIAHTQLLVTQKITHVHKGLIKTYLSIMMLSIIIITIIIMIT","negative"
"MNQRNASMTVIGAGSYGTALAITLARNGHEVVLWGHDPEHIATLERDRCNAAFLPDVPFPDTLHLESDLATALAASRNILVVVPSHVFGEVLRQIKPLMRPDARLVWATKGLEAETGRLLQDVAREALGDQIPLAVISGPTFAKELAAGLPTAISLASTDQTFADDLQQLLHCGKSFRVYSNPDFIGVQLGGAVKNVIAIGAGMSDGIGFGANARTALITRGLAEMSRLGAALGADPATFMGMAGLGDLVLTCTDNQSRNRRFGMMLGQGMDVQSAQEKIGQVVEGYRNTKEVRELAHRFGVEMPITEEIYQVLYCGKNAREAALTLLGRARKDERSSH","negative"
