Seq,Class
AAYLLAKINLKALAALAKKIL,false
AEKVDPVKLNLTLSAAAEALTGLGDK,false
AGYLLGKINLKALAALAKKIL,false
AGYLLGKINLKALAALAKKILTYADFIASGRTGRRNAI,false
AGYLLGKINLKPLAALAKKIL,false
AGYLLGKINLRALAALARRIL,false
AGYLLGPINLKALAALAKKIL,false
AQIKIWFQNRRMKWKK,false
CRFRFKCCKK,false
CRFRWKCCKK,false
CRWRFKCCKK,false
CRWRWKCCKK,false
CRWRWKCG,false
CRWRWKCGCKK,false
CRWRWKCSKK,false
DCRWRWKCCKK,false
DSLKSYWYLQKFSWR,false
EEEAAGRKRKKRT,false
EKRPRTAFSSEQLARLKREFNENRYLTTERRRQQLSSELGLNEAQIKIWFQNKRAKIKKST,false
FITKALGISYGRKKRRQRRRPPQ,false
FLGKKFKKYFLQLLK,false
FLIFIRVICIVIAKLKANLMCKT,false
FQNRRMKWKK,false
FVTRGCPRRLVARLIRVMVPRR,false
GIGKFLHSAKKWGKAFVGQIMNC,false
GKKKKRKREKL,false
GLRKRLRKFRNKIKEK,false
GPFHFYQFLFPPV,false
GRKKRRQRARPPQC,false
GRKKRRQRRPPQC,false
GRKKRRQRRR,false
GRKKRRQRRRC,false
GRKKRRQRRRPPQ,false
GRKKRRQRRRPPQTYADFIASGRTGRRNAI,false
GRKKRRQRRRPWQ,false
GRKRKKRT,false
GRRRRRRRRRPPQ,false
GSPWGLQHHPPRT,false
GTKMIFVGIKKKEERADLIAYLKKA,false
GWTLNSAGYLLGKINLKALAALAKKIL,false
GWTLNSAGYLLGKLKALAALAKKIL,false
GYGNCRHFKQKPRRD,false
HHHHHHTKRRITPKDVIDVRSVTTEINT,false
IKIWFQNRRMKWKK,false
IPMIK,false
IPSRWKDQFWKRWHY,false
IWFQNRRMKWKK,false
KALAALLKKLAKLLAALK,false
KALAALLKKWAKLLAALK,false
KALAKALAKLWKALAKAA,false
KALKKLLAKWLAAAKALL,false
KCCKWRWRCK,false
KCFQWQRNMRKVRGPPVSC,false
KCFQWQRNMRKVRGPPVSCIKR,false
KCGCRWRWKCGCKK,false
KCRWRWKCCKK,false
KDCRWRWKCCKK,false
KGKKIFIMK,false
KIWFQNRRMKWKK,false
KKICTRKPRFMSAWAQ,false
KKWKMRRNQFWIKIQR,false
KLAAALLKKWKKLAAALL,false
KLALKLALKALKAALK,false
KLALKLALKALKAALKLA,false
KLALKLALKALKAALKLAGC,false
KLALKLALKAWKAALKLA,false
KLALQLALQALQAALQLA,false
KLPVM,false
KLTRAQRRAAARKNKRNTRGC,false
KLWMRWYSATTRRYG,false
KLWMRWYSPTTRRYG,false
KLWMRWYSPWTRRYG,false
KMDCRWRPKCCKK,false
KMDCRWRWKCCKK,false
KMDCRWRWKCKK,false
KMDCRWRWKCSKK,false
KMDCRWRWKKK,false
KMDCRWRWKSCKK,false
KMDSRWRWKCSKK,false
KMTRAQRRAAARRNRWTARGC,false
KNAWKHSSCHHRHQI,false
KRVSRNKSEKKRR,false
KRWRWKCCKK,false
KTVLLRKLLKLLVRKI,false
LGISYGRKKRRQRRRPPQ,false
LKTLATALTKLAKTLTTL,false
LLIILARRIRKQAHAHSK,false
LLIILRARIRKQAHAHSK,false
LLIILRRAIRKQAHAHSK,false
LLIILRRRIARKQAHAHSK,false
LLIILRRRIRAQAHAHSK,false
LLIILRRRIRKAAHAHSK,false
LLIILRRRIRKQAHAASK,false
LLIILRRRIRKQAHAHAK,false
LLIILRRRIRKQAHAHSA,false
LLKKRKVVRLIKFLLK,false
LNSAGYLLGKINLKALAALAKKIL,false
MDCRWRWKCCKK,false
MVRRFLVTLRIRRACGPPRVRV,false
MVTVLFRRLRIRRACGPPRVRV,false
NAKTRRHERRRKLAIERGC,false
NRRMKWKK,false
PMLKE,false
PRPLPFPRPG,false
QIKIWFQNRRMKWKK,false
QLALQLALQALQAALQLA,false
QNRRMKWKK,false
QQHLLIAINGYPRYN,false
RAIKIWFQNRRMKWKK,false
RAWMRWYSPTTRRYG,false
RIKAERKRMRNRIAASKSRKRKLERIARGC,false
RKKRRARRR,false
RKKRRQRR,false
RKKRRQRRR,false
RKKRRRESRKKRRRES,false
RLAMRWYSPTTRRYG,false
RLFMRFYSPTTRRYG,false
RLIMRIYSPTTRRYG,false
RLVMRVYSPTTRRYG,false
RLWARWYSPTTRRYG,false
RLWMRWASPTTRRYG,false
RLWMRWYAPTTRRYG,false
RLWMRWYSPATRRYG,false
RLWMRWYSPTARRYG,false
RLWMRWYSPTTRRAG,false
RLWMRWYSPTTRRYA,false
RLWMRWYSPTTRRYG,false
RLWMRWYSPWTRRYG,false
RLYMRYYSPTTRRYG,false
RQAKIWFQNRRMKWKK,false
RQIAIWFQNRRMKWKK,false
RQIKAWFQNRRMKWKK,false
RQIKIAFQNRRMKWKK,false
RQIKIFFQNRRMKFKK,false
RQIKIWAQNRRMKWKK,false
RQIKIWFANRRMKWKK,false
RQIKIWFPNRRMKWKK,false
RQIKIWFQARRMKWKK,false
RQIKIWFQNARMKWKK,false
RQIKIWFQNRAMKWKK,false
RQIKIWFQNRRAKWKK,false
RQIKIWFQNRRMK,false
RQIKIWFQNRRMKAKK,false
RQIKIWFQNRRMKW,false
RQIKIWFQNRRMKWK,false
RQIKIWFQNRRMKWKK,false
RQIKIWFQNRRMKWKKTYADFIASGRTGRRNAI,false
RQIRIWFQNRRMRWRR,false
RQPKIWFPNRRKPWKK,false
RRIRPRPPRLPRPRP,false
RRMKWKK,false
RRRQRRKKR,false
RRRRNRTRRNRRRVRGC,false
RRRRRR,false
RRRRRRR,false
RRRRRRRR,false
RRRRRRRRR,false
RRRRRRRRRRR,false
RRRRRRRRRRRTYADFIASGRTGRRNAI,false
RTLVNEYKNTLKFSK,false
RVIRVWFQNKRCKDKK,false
RVREWWYTITLKQES,false
RVRVFVVHIPRLT,false
RWRWKCCKK,false
SKRTRQTYTRYQTLELEKEFHFNRYITRRRRIDIANALSLSERQIKIWFQNRRMKSKKDR,false
SRWRWKCCKK,false
TKRRITPKDVIDVRSVTTEINT,false
TKRRITPKDVIDVRSVTTKINT,false
TKRRITPKKVIDVRSVTTEINT,false
TRQARRNRRRRWRERQR,false
TRQARRNRRRRWRERQRGC,false
TRRQRTRRARRNRGC,false
TRSSRAGLQWPVGRVHRLLRKGGC,false
VELPPPVELPPPVELPPP,false
VKLPPPVKLPPPVKLPPP,false
VPALK,false
VPALR,false
VPMLK,false
VPTLE,false
VPTLK,false
VPTLQ,false
VRLPPPVRLPPPVRLPPP,false
VRRFLVTLRIRRA,false
VSALK,false
WFQNRRMKWKK,false
WKCRRQCFRVLHHWN,false
YIVLRRRRKRVNTKRS,false
AAAAARRRIRKQAHAHSK,true
ADVFDRGGPYLQRGVADLVPTATLLDTYSP,true
AGCKNFFWKTFTSC,true
AGYLLGKLKALAALAKKIL,true
AHALCLTERQIKSNRRMKWKKEN,true
AKKRRQRRR,true
ALIILRRRIRKQAHAHSK,true
ALWMRWYSPTTRRYG,true
ARTINAQQAELDSALLAAAGFGNTTADVFDRG,true
CRWRWKSSKK,true
CYFQNCPRG,true
DFDMLRCMLGRVYRPCWQV,true
EEEAA,true
EEEAAKKK,true
EILLPNNYNAYESYKYPGMFIALSK,true
EKGKKIFIMK,true
ELALELALEALEAALELA,true
ERKKRRRE,true
FFFAAGRKRKKRT,true
FITKALGISYGRKKRR,true
FITKALGISYGRKKRRQC,true
FKKFRKF,true
FQWQRNMRKVRGPPVS,true
FVPIFTHSELQKIREKERNKGQ,true
GALFLGFLGAAGSTMGAWSQPKSKRKV,true
GDVYADAAPDLFDFLDSSVTTARTINA,true
GIWFAYSRGHFRTKKGT,true
GKKKKKQKKKPWQ,true
GKYVSLTTPKNPTKRRITPKDV,true
GLGDKFGESIVNANTVLDDLNSRMPQSRHDIQQL,true
GRKKRRQARAPPQC,true
GRKKRRQPPQC,true
GRKKRRQRPPQC,true
GRKRKKRT,true
GSGKKGGKKICQKY,true
GSSSWWQRWWPPW,true
GWTLNSAGYLLGKFLPLILRKIVTAL,true
GWTLNSAGYLLGKINLKAPAALAKKIL,true
GWTLNSAGYLLGPHAI,true
GWTLNSAGYLLGPHAVGNHRSFSDKNGLTS,true
GWTLNSKINLKALAALAKKIL,true
GWTNLSAGYLLGPPPGFSPFR,true
HDEFERHAEGTFTSDVSSYLEGQAAKEFIAWLVKGR,true
IAARIKLRSRQHIKLRHL,true
IKRYLIKR,true
ILRRRIRKQAHAHSK,true
KCFMWQEMLNKAGVPKLRCARK,true
KCFQWQRNMRKVR,true
KCFQWQRNMRKVRGPPVSSIKR,true
KIAAKSIAKIWKSILKIA,true
KIIRRLIK,true
KITLKLAIKAWKLALKAA,true
KIWFQNRRMK,true
KKAAQIRSQVMTHLRVI,true
KKKEERADLIAYLKKA,true
KKKQYTSIHHGVVEVD,true
KKLSECLKRIGDELDS,true
KKRRQRRR,true
KLALKAAAKAWKAAAKAA,true
KLALKAALKAWKAAAKLA,true
KLALKALKAALKLA,true
KLALKLALKALKAA,true
KLALKLALKALQAALQLA,true
KLALKLALKWAKLALKAA,true
KLGLKLGLKGLKGGLKLG,true
KLIRKRLI,true
KLLAKAAKKWLLLALKAA,true
KLLAKAALKWLLKALKAA,true
KMDCRPRPKCCKK,true
KMDCRWRWKSSKK,true
KMDRWRWKKK,true
KMDSRWRWKCCKK,true
KMDSRWRWKSCKK,true
KMDSRWRWKSSKK,true
KMIFVGIKKK,true
KMIFVGIKKKEERA,true
KMTRAQRRAAARRNRWTARGC,true
KQIKIWFQNKKMKWKK,true
KRARNTEAARRSRARKLQRMKQGC,true
KRRIRRERNKMAAAKSRNRRRELTDTGC,true
KRRQRRR,true
KSHAHAQKRIRRRLIILL,true
KTLKVAKWLKKAKPLRKLVKC,true
LAIILRRRIRKQAHAHSK,true
LDTYSPELFCTIRNFYDADRPDRGAAA,true
LIKRKRLI,true
LIKRRKIL,true
LKTLTETLKELTKTLTEL,true
LLAILRRRIRKQAHAHSK,true
LLGKINLKALAALAKKIL,true
LLIALRRRIRKQAHAHSK,true
LLIIARRRIRKQAHAHSK,true
LLIILRRRARKQAHAHSK,true
LLIILRRRIRKQAAAHSK,true
LLKTTALLKTTALLKTTA,true
LLKTTELLKTTELLKTTE,true
LNSAGYLLGKALAALAKKIL,true
LNSAGYLLGKLKALAALAK,true
LRKKKKKH,true
MDAQTRRRERRAEKQAQWKAANGC,true
NKPILVFY,true
NNNAAGRKRKKRT,true
PKKKRKV,true
PPRLPRPRPRPLPFPRPG,true
PRPPRLPRPRPRPLPFPRPG,true
PRPRPLPFPRPG,true
PRPRPRPLPFPRPG,true
PVVHLTLRQAGDDFSR,true
QNLGNQWAVGHLM,true
QWQRNMRKVR,true
QWQRNMRKVRGPPVSCIKR,true
RAKRRQRRR,true
RGGRLAYLRRRWAVLGR,true
RGGRLSYSRRRFSTSTGR,true
RKARRQRRR,true
RKKARQRRR,true
RKKRAQRRR,true
RKKRRQARR,true
RKKRRQR,true
RKKRRQRAR,true
RKKRRQRRA,true
RLIKRLIK,true
RLLMRLYSPTTRRYG,true
RLPRPRPRPLPFPRPG,true
RLWMAWYSPTTRRYG,true
RLWMRAYSPTTRRYG,true
RLWMRWYSPTTARYG,true
RLWMRWYSPTTRAYG,true
RLWMRWYSPWTRRWG,true
RMKWKK,true
RPPGFSPFR,true
RQIKIFFQNRRMKFKK,true
RQIKIW,true
RQIKIWFQ,true
RQIKIWFQN,true
RQIKIWFQNR,true
RQIKIWFQNRR,true
RQIKIWFQNRRM,true
RQIKIWFQNRRMAWKK,true
RQIKIWFQNRRMKWAK,true
RQIKIWFQNRRMKWK,true
RQIKIWFQNRRMKWKA,true
RRIRPRP,true
RRIRPRPPRLPRPRPRP,true
RRIRPRPPRLPRPRPRPLPFPRPG,true
RRKLSQQKEKK,true
RRLSYSRRRF,true
RRRRR,true
RRRRRRRRRRRR,true
RRRRRRRRRRRRRRRR,true
RSVTTEINTLFQTLTSIAEKVDP,true
RVRILARFLRTRV,true
SKKKKTKV,true
SRRHHCASKAKRSRHH,true
SRWRWKCSKK,true
SRWRWKSCKK,true
SRWRWKSSKK,true
TAKTRYKARRAELIAERRGC,true
TARRITPKDVIDVRSVTTEINT,true
TERQIKIWFQNRRMK,true
TKAARITPKDVIDVRSVTTEINT,true
TKRRITPDDVIDVRSVTTEINT,true
TKRRITPKDVIDV,true
TKRRITPKDVIDVESVTTEINT,true
TKRRITPKDVIDVRSVTTEINT,true
TRRQRTRRARRNRGC,true
VATIKSVSFYTRK,true
VHLPPP,true
VHLPPPVHLPPP,true
VHLPPPVHLPPPVHLPPP,true
VIRVHFRLPVRTV,true
VKLPPP,true
VKLPPPVKLPPP,true
VKRGLKLRHVRPRVTRMDV,true
VNADIKATTVFGGKYVSLTTP,true
VQAILRRNWNQYKIQ,true
VQRKRQKLMP,true
VRLPPP,true
VRLPPPVRLPPP,true
WSYGLRPG,true
YLANGEL,true
YYYAAGRKRKKRT,true
ARNPIHLAAPALAE,true
IHNMNFSA,true
TKKDLTQWFFKITDYADELLDKLD,true
SGWNAYIDTMTAAAP,true
ESGGPEPGVGCAGRGVITSITYLEEAGAYENLD,true
